libname	ypos	xpos	total_counts	total_genes
1	GGGAATGAGCCCTCAC-1	18531	6690	6914	2823
2	CGTTCTTCGCACACCT-1	18839	6691	8164	3211
3	AATAGCTACCGCGTGC-1	19146	6693	14819	4688
4	GATGACGATGATCGCG-1	19453	6694	17090	4866
5	TTACTGTCTAGAGCTC-1	19761	6695	55163	8443
6	GCTTGCAGCACAATTG-1	20068	6696	53806	7970
7	AGATCGTGCATAAGAT-1	16992	7220	95782	9225
8	ATTCAGGACCTATTTC-1	17147	6953	37282	6758
9	AGCTAGAAGCAGAAGT-1	17300	7221	61098	8227
10	TTCCGCAGAGAAATAT-1	17607	7222	42850	7618
11	CAGTACATTCTCTAAA-1	17762	6955	29588	6411
12	GTGAAGATTTCAAGTG-1	17915	7223	26341	6101
13	AACGCATGATCTGGGT-1	18069	6956	22840	5641
14	CCCAGAGGAGGGCGTA-1	18222	7224	22944	5753
15	GGAAACCTTGTTGAAT-1	18377	6957	25865	6125
16	GTGAAGCCGTATAGTC-1	18529	7225	30310	6856
17	GAGCTGTCGTCTCGGA-1	18684	6958	25623	6122
18	TGTCATTTGTTGGGAA-1	18837	7226	21119	5716
19	ACCAACACCACACACT-1	18991	6959	30142	6695
20	AAATGATTCGATCAGC-1	19144	7227	35136	7049
21	CTGCTTTATGTCCGCG-1	19299	6960	28406	6453
22	GCGAGAGGCCATGTAA-1	19452	7228	37602	7305
23	ATTGACCGGCGATGAC-1	19606	6962	28882	6505
24	ACCCTGGTAACGCCCT-1	19759	7230	35954	7209
25	GTTGGACCGCATCAGG-1	19914	6963	51148	8216
26	CGTTTACAAGGCAGCT-1	20066	7231	53212	8276
27	CGGTCCATGAGACTCC-1	20221	6964	69048	8899
28	GTTCGTCTGGGTCCCT-1	20374	7232	67351	8480
29	AATTCATAAGGGATCT-1	16068	7752	81904	8866
30	AATGATGATACGCTAT-1	16376	7753	88137	9168
31	CTTGTGCTCACCGATT-1	16530	7486	96523	9360
32	TTCCAATCAGAGCTAG-1	16683	7754	80199	9002
33	CGATGGACCCTACGCC-1	16838	7487	69980	8497
34	GGTCGGATAAACGGCG-1	16991	7755	57484	7798
35	TTAGCTAATACGATCT-1	17145	7488	55480	8158
36	CTCGATATTTGCGAGC-1	17298	7756	37296	6827
37	ATTACTTACTGGGCAT-1	17453	7489	41916	7601
38	CTAGCCGATGTTATGA-1	17605	7757	35987	6975
39	TACTGCAATCAATTAC-1	17760	7490	37571	7313
40	TAGTCTGTGACGTTGC-1	17913	7758	32476	6982
41	CTCGTTTCTAATGTTT-1	18067	7491	24254	6041
42	TTCGTTCAACGAAGTT-1	18220	7759	25539	6264
43	CTGAATTTATTGCCAG-1	18375	7492	17572	5039
44	TGGAATATCCTTGACC-1	18528	7760	21090	5555
45	CAGATCATTTAAAGTC-1	18682	7493	30634	6794
46	CTCCTTTACGCAAGTC-1	18835	7761	31452	6733
47	TCCCAAACAGACAACG-1	18990	7494	34168	6937
48	ATCGCTGCGTGCAGCA-1	19142	7762	31863	6675
49	TTAGTTCAAGTGTTCG-1	19297	7495	27554	6401
50	AAACTCGTGATATAAG-1	19450	7763	20224	5467
51	TTAACGAACAAGCAGT-1	19604	7496	35171	7087
52	GTTATATCAGGAGCCA-1	19757	7764	32962	6792
53	CAAATTGGATTATGCC-1	19912	7497	41586	7592
54	CGAGGAGCTTCCATAT-1	20065	7765	37900	7021
55	GGAGACCAATGTGCTT-1	20219	7499	51566	8237
56	CATTGATGAACACGCC-1	20372	7767	46368	7592
57	GTCAATGCTATAATTT-1	20527	7500	38262	7031
58	GTGAAACGGCGCCACC-1	15606	8018	62802	8177
59	CAGTAGCCCACGCGGT-1	16066	8287	40939	7145
60	AGCGCGGGTGCCAATG-1	16221	8020	80284	8939
61	TAATCGATCCGTACGT-1	16374	8288	25862	5965
62	AGTGGCGGCAATTTGA-1	16528	8021	50283	7702
63	CCTTTCAATGAAGAAA-1	16681	8289	28418	6444
64	CTCAGTCACGACAAAT-1	16836	8022	37845	7205
65	ATAGGCTAGCTTCGCA-1	16989	8290	33854	6899
66	CGGTTCAAGTAGGTGT-1	17143	8023	35098	6924
67	CAGTCGAGGATGCAAT-1	17296	8291	32474	6723
68	TATCACCCAACCGACC-1	17451	8024	39172	7399
69	AATGATGCGACTCCTG-1	17604	8292	25285	6002
70	TGGAACCACTGACACA-1	17758	8025	35726	7031
71	GCCAATAGGGCATCTC-1	17911	8293	19485	5312
72	TTCTTTGGTCGCGACG-1	18066	8026	24820	5995
73	ATTAGATTCCTCAGCA-1	18218	8294	23074	5927
74	CCGTGGAACGATCCAA-1	18373	8027	18702	5243
75	GGGTCGTGGCAAGTGT-1	18526	8295	13623	4337
76	TCGCTCGGCACCAGCG-1	18680	8028	21038	5810
77	ACGCAATCACTACAGC-1	18833	8296	26994	6424
78	CTCTAATGCATTGATC-1	18988	8029	11968	4058
79	GTCTCGACTAAGTTTG-1	19141	8297	14844	4625
80	TGGTTTAAACGTGGGT-1	19295	8030	18851	5278
81	CGCAGATCTTCACCCG-1	19448	8298	20302	5372
82	TCCAGATGTACGCCAA-1	19603	8031	22264	5410
83	CATTGCGGGTCAATTC-1	19755	8299	28389	6153
84	GACGTTCGTAAATACA-1	19910	8032	41579	7480
85	TACACCGTCGTTAGTC-1	20063	8300	48671	7465
86	ACGGGCGTATGCGACA-1	20217	8033	39682	6986
87	GAAGGCTACCATTGTT-1	20370	8301	67761	8332
88	AGAACGTGGTACATTC-1	13298	8812	37217	6595
89	ACTTCGCCATACGCAC-1	13605	8813	75078	8617
90	ATCTGGTTAAGACTGT-1	13760	8546	29462	6174
91	TCGTAAGACGACATTG-1	13913	8814	69765	8748
92	GTGTACCTTGGCTACG-1	14067	8547	48956	7846
93	GCCCGTAATACCTTCT-1	14220	8815	85199	8935
94	TTGTAAGGCCAGTTGG-1	14528	8816	79918	8907
95	GGAGCACCAAGAACTA-1	14682	8549	107737	9776
96	TAATAGTGACGACCAG-1	14835	8817	81193	9185
97	CGAGTTCTGTCCCACC-1	15142	8818	61444	8110
98	AGGCAGATGCGTAAAC-1	15297	8551	70973	8629
99	AAGGATGAGGGACCTC-1	15450	8819	44310	7514
100	AGAGAACCGTCTAGGA-1	15604	8552	47079	7504
101	GAGGGCGCAGCTCTGC-1	15757	8820	36900	7186
102	AAGATTGGCGGAACGT-1	15912	8554	32963	6744
103	CCAGTAGTCTGATCCA-1	16065	8822	63110	9035
104	AAGGGACAGATTCTGT-1	16219	8555	30465	6619
105	ATAGAGTTATCAACTT-1	16372	8823	25923	6226
106	AAATTACCTATCGATG-1	16527	8556	24221	5860
107	GATCCTAAATCGGGAC-1	16679	8824	25383	6026
108	TTACAGACCTAAATGA-1	16834	8557	22801	5648
109	CCTCACCTTAGCATCG-1	16987	8825	24741	6122
110	CATGCGACCAGTTTAA-1	17141	8558	19388	5357
111	AACATATCAACTGGTG-1	17294	8826	19847	5308
112	CTATAAGAGCCAATCG-1	17449	8559	24644	5869
113	AATATCGAGGGTTCTC-1	17602	8827	18843	5093
114	GTACTCCTGGGTATGC-1	17756	8560	19785	5294
115	ATAAGTAGGATTCAGA-1	17909	8828	23655	5767
116	AGGTCGCGGAGTTACT-1	18064	8561	20651	5505
117	CTAATTCTCAGATATT-1	18216	8829	15496	4680
118	GCCAACCATTTCCGGA-1	18371	8562	17444	4935
119	TGATCCCAGCATTAGT-1	18524	8830	12978	4173
120	CGTTGTAAGATTGATT-1	18679	8563	24244	5923
121	GAAACCATGGTGCGCT-1	18831	8831	27406	6348
122	AATCTATGCCGGAGCC-1	18986	8564	19402	5237
123	GACTCCCAGAATAAGG-1	19139	8832	31687	6406
124	TATGATCCGGCACGCC-1	19293	8565	22836	5775
125	CCGCTTGCTGACATGG-1	19446	8833	30203	6185
126	TTGATAGTCAATACAT-1	19754	8834	40828	7057
127	GGTTTAATTGAGCAGG-1	19908	8567	44146	7396
128	CATTACATAGATTGTG-1	20061	8835	38897	7055
129	GGCCCGTATACCATGC-1	20368	8836	39235	6815
130	CGAGGCTAAATATGGC-1	12989	9346	63213	8102
131	TCAGGGTGTAACGTAA-1	13143	9079	76312	8595
132	CGAGAGATGTGAACCT-1	13296	9347	47556	7437
133	TCGCTGGGCGGATTGT-1	13451	9080	61781	8228
134	AGATCTCAGGTGTGAT-1	13604	9348	51809	8049
135	TGGCCAAACTGAAGTA-1	13758	9081	72702	8738
136	GCTTCCGTCCCTAGAC-1	13911	9349	63260	8430
137	CAGCAGCCCGTTCCTT-1	14066	9082	66538	8558
138	TGTATAACAGATCCTG-1	14218	9350	60763	8278
139	CGCGGGAATTAGGCAG-1	14373	9083	65505	8206
140	TGCATGTGGTAATCTA-1	14526	9351	42045	7256
141	ACAATTTGAGCAGTGG-1	14680	9084	57305	8046
142	GAGCTAAGGGCATATC-1	14833	9352	25838	5941
143	CCAGATAGTTGAGTGA-1	14988	9085	34497	6767
144	CCACAATGTACGTCTT-1	15141	9353	29657	6588
145	CAATGGATCTCTACCA-1	15295	9086	28736	6544
146	TGTGGCAAAGCGTATG-1	15448	9354	29675	6607
147	TAAAGCGTTAGGAGAA-1	15603	9087	43606	7821
148	TCCGTTTAGCCTTGAA-1	15755	9355	20878	5478
149	CAGCTCGACAAGTTAA-1	15910	9088	30435	6736
150	GCCTATAGTGTCAGGG-1	16063	9356	24473	5937
151	ATAGACAACGGGACCT-1	16217	9089	38979	7276
152	CTACTATCTTTCAGAG-1	16370	9357	31368	6708
153	GCGCTGCTTTGCATTT-1	16525	9091	23131	5772
154	GCGCATCCAGTCAGCA-1	16678	9359	26743	6205
155	GACTCGCGGGAATGAC-1	16832	9092	20230	5415
156	CTGGTAACGAGCTCTT-1	16985	9360	21347	5516
157	TCCGGCCTAGCGTACA-1	17140	9093	22651	5736
158	TCTAGGTGGCGACGCT-1	17292	9361	18870	5066
159	ACGCTAGTGATACACT-1	17447	9094	14043	4293
160	ATCTGCACCTCTGCGA-1	17600	9362	18641	5158
161	CCTCACCTGAGGGAGC-1	17754	9095	26858	6239
162	AGTGAGCCTCGCCGCC-1	17907	9363	21873	5684
163	ACGAGTACGGATGCCC-1	18062	9096	22500	5780
164	GGTACCATTAAGACGG-1	18215	9364	20812	5450
165	TTCTGCTAGACTCCAA-1	18369	9097	15195	4589
166	TAACTATTACGCCAAA-1	18522	9365	23166	5910
167	GCATTCAAGGCAACGC-1	18677	9098	19070	5198
168	AGTACATCATTTATCA-1	18829	9366	25172	6129
169	GTCGTGTCTGGTCATC-1	18984	9099	8516	3239
170	AGTCTAAAGTATACTC-1	19137	9367	26910	6135
171	CGGCCCAACCTGTAGT-1	19291	9100	28570	6126
172	AGGGAGACATACTTCG-1	19444	9368	32747	6641
173	TCCCTAGATCAATAGG-1	19599	9101	25418	5825
174	TCCCGTCGCGTCATAG-1	19752	9369	25844	5898
175	CGCATCCATCAGCCAG-1	19906	9102	26663	5752
176	CTGCACCTAGTCCACA-1	20059	9370	24895	5773
177	CGAGGATCGGGAACGA-1	20214	9103	32897	6419
178	CAATGAGGTTCGACTA-1	20366	9371	32908	6465
179	CACAGCACCCACGGCA-1	11142	9874	89466	8684
180	GCGAAGCCATACCCGT-1	11450	9875	75901	8347
181	GCTGCTCTCCGGACAC-1	11757	9877	70491	8101
182	TCAAACTTAGATTGTT-1	12065	9878	58513	8113
183	TGCGCAAAGCATTTGG-1	12372	9879	53700	7944
184	GGCGGTAGGATCATTG-1	12680	9880	40160	6987
185	GGCAATAGTCAATGAG-1	12834	9613	48983	7408
186	ACACGAGACTCCTTCT-1	12987	9881	31894	6152
187	GACACAAGGGAAGAAA-1	13142	9614	44237	7011
188	TCAGCAAATGCATCTC-1	13294	9882	32435	6342
189	GAGATCTGTCACTCCG-1	13449	9615	36094	6994
190	ATGCCGGTCTTGCATA-1	13602	9883	37079	6794
191	TTGGGCGGCGGTTGCC-1	13756	9616	41591	7379
192	TTGTTGTGTGTCAAGA-1	13909	9884	47418	7362
193	ACTGTACGATACACAT-1	14064	9617	52931	7719
194	TCCACTTTATCTAGGT-1	14217	9885	25834	5741
195	GGTCTGAGAATCTGGA-1	14371	9618	47402	7502
196	TAGAAAGGTGGCGCTA-1	14524	9886	29726	6407
197	TATGTCTCATTGTGCC-1	14679	9619	29862	6440
198	GGATTTCACTTCTATA-1	14831	9887	28712	6351
199	TGAGTGGTCCGTGACG-1	14986	9620	26426	6129
200	CGCTTTCTTGCATTCG-1	15139	9888	24772	5907
201	ACCCAACGCCCGTGGC-1	15293	9621	23093	5719
202	GAACGTCTCATGGTCG-1	15446	9889	28240	6331
203	AGGGTTCCCTTTGGTT-1	15601	9622	18899	5138
204	GTAGCTTCCTCTTGTT-1	15754	9890	22975	5657
205	GCATGAGGGACGCGGC-1	15908	9623	23731	5759
206	CTACCCTAAGGTCATA-1	16061	9891	23889	5863
207	TCACCGCTCGGCACTC-1	16216	9624	21905	5584
208	GGCTCGCGTTGAGGTA-1	16368	9892	36894	6711
209	CTAACGAAACTTGCTG-1	16523	9625	38146	7186
210	TTAAACTCGAATTCAT-1	16676	9893	45595	7263
211	TACTTTACTGAGCCGG-1	16830	9626	29987	6425
212	GCTTGGATCGATTAGG-1	16983	9894	23520	5785
213	CGGTTATCCAACAGTG-1	17138	9628	27333	6153
214	CAGACCTGTAAGTGTT-1	17291	9896	24267	5790
215	GACGGTCAATAGAAGC-1	17445	9629	31289	6446
216	CTGACTGCGCAGCTCG-1	17598	9897	22407	5624
217	CCATACCTTTACTTGT-1	17753	9630	17339	4917
218	GTAATAAAGGGCTCCC-1	17905	9898	20968	5438
219	GTGAACTCCCATTCGA-1	18060	9631	20996	5507
220	GTGGTTACTTCTTTCG-1	18213	9899	22228	5698
221	TCAGAACCTCCACAGG-1	18367	9632	31330	6901
222	TCCCACTCTCTTCCGG-1	18520	9900	33491	6922
223	ATCTTGACTTGTCCAA-1	18675	9633	25603	6006
224	TCGGGAACGTGCCTAG-1	18828	9901	28582	6319
225	GTTAGCCGTAAATCAA-1	18982	9634	46994	7964
226	ATTTACTAAGTCCATT-1	19135	9902	29488	6469
227	GGGTGCATATGAAAGC-1	19290	9635	44477	7800
228	TCCGAATGGTCCTGAG-1	19442	9903	38431	7270
229	TGATGGCTGTTTCTGA-1	19597	9636	27597	6253
230	AAATAAGGTAGTGCCC-1	19750	9904	27536	6014
231	CCACTATCCGGGTCAC-1	19904	9637	37213	7162
232	ACACCACATAATTAGC-1	20057	9905	36750	7231
233	CGCGGTAAGTCTAGCT-1	20212	9638	41174	7534
234	GCGGGCATTACGATGC-1	20365	9906	34365	6885
235	AGGATTGCTTACGACA-1	20519	9639	44028	7371
236	TTGCTGATCATGTTCG-1	10833	10408	94482	8859
237	TATGGGTACGTATCGT-1	10988	10141	94555	9131
238	CAGCTCACTGAGACAT-1	11141	10409	53547	7453
239	GGGACTGCATAGATAG-1	11295	10142	69373	8157
240	ACGCATTCGTGAGTAC-1	11448	10410	50558	7457
241	CTCTGGACGCCTGGTG-1	11603	10143	47643	7187
242	AGGGTTTAGTTCGGGA-1	11755	10411	42377	7179
243	GGGAGAACTCACAGTA-1	11910	10145	59052	8012
244	ATCAATCTGGGCTGCA-1	12063	10412	37967	7296
245	TCTTCGATACCAATAA-1	12217	10146	43368	7307
246	ACGTAGATTGCTGATG-1	12370	10414	38551	7121
247	TCTTGATGCGTAGCGA-1	12525	10147	36260	7023
248	GGGCTGCCTAGGGCGA-1	12678	10415	42075	7530
249	CTCTCACAATCGATGA-1	12832	10148	39019	6978
250	CCAAGCGTAACTCGTA-1	12985	10416	43924	7243
251	ACAACAGCATGAGCTA-1	13140	10149	42108	6919
252	GTCCCAACGTAAAGTA-1	13292	10417	42465	7062
253	TCGGAGTACATGAGTA-1	13447	10150	32471	6382
254	CCGGGCGGTCTCGTCA-1	13755	10151	34430	6599
255	CCGTAAGTTGGTCCCA-1	13907	10419	32023	6377
256	GGAGGGCTTGGTTGGC-1	14062	10152	38328	6986
257	TCGGACGCCCAGCCCA-1	14215	10420	34072	6846
258	TCTGTGCCATCATAGT-1	14369	10153	28331	6315
259	GTACTGGAGTTAGACC-1	14522	10421	45399	7707
260	GGAATGCGCTAGCGTG-1	14677	10154	37680	7215
261	GTGTGAATAACTTAGG-1	14830	10422	45318	7763
262	GGTCGGCCAGGAGCTT-1	14984	10155	39906	7443
263	TAGCCGGCGGTCAGCG-1	15137	10423	36269	7117
264	CGGGTGTACCCATTTA-1	15292	10156	27828	6325
265	AGTGATTCAAGCAGGA-1	15444	10424	42891	7418
266	GTTGGATTGAGAACAC-1	15599	10157	29893	6588
267	CACACGCGCTGTCTTA-1	15752	10425	40181	7690
268	TAGACGCCCGTACCGG-1	15906	10158	26319	6245
269	GGTTTCAATCGGTCAG-1	16059	10426	29485	6554
270	AATCTGCGTTGGGACG-1	16214	10159	26695	6274
271	TTACGGATGGTTCGAG-1	16367	10427	24727	5988
272	CGGCAGGGTCGGGTTG-1	16521	10160	34327	6612
273	GCTTTCAGAGGAGGTG-1	16674	10428	24089	5832
274	TCTTCCCATGGGCACA-1	16829	10161	28858	6332
275	TACCGCGGACTTGCAG-1	16981	10429	27775	6275
276	AGAATTATGGATTCGA-1	17136	10162	30791	6642
277	ATTGATGAGTCCTAAC-1	17289	10430	37846	7351
278	TAGGTCGCCGGAACTG-1	17443	10163	30493	6499
279	TAACCTACCGTCCGAG-1	17596	10431	47778	7816
280	CTTAGTAGGCCTACAG-1	17751	10165	29400	6457
281	CTAGATGTGAGTGTAA-1	17904	10433	45660	7637
282	ACTCCCGAATTCGTTT-1	18058	10166	36530	7057
283	GTTCATCGTTTGGCTG-1	18211	10434	43874	7605
284	ACTTTACCCTCATGAA-1	18366	10167	32831	6955
285	GCGAGAGTTGCGTCCA-1	18518	10435	46767	7903
286	GTTCGGGCGTACCATT-1	18673	10168	28479	6302
287	CGACTTTGTATAGCCT-1	18826	10436	36458	6990
288	GCCATCGATGCTGCAT-1	18980	10169	19535	5091
289	GCATTTCCAAGGCTCC-1	19133	10437	27226	5958
290	ATGTAAGGCTGCTCTT-1	19288	10170	22279	5442
291	ACGTTCGCAATCAATT-1	19441	10438	25120	5698
292	GTGACGAGGGTGACCC-1	19595	10171	20653	5170
293	ATTATAGCTACTTTAC-1	19748	10439	43943	7254
294	CGTGTGTTAAACCCTG-1	19903	10172	26525	5714
295	TTGGTATGGCTTGTGT-1	20055	10440	34683	6827
296	CATTCCCATTCCGTCG-1	20210	10173	34264	6794
297	GCCGAAATTCCTACGT-1	8987	10937	56253	7731
298	GTGCTCAAGTACTGTC-1	10064	10673	64758	8220
299	TTGTAATCCGTACTCG-1	10524	10942	74085	8311
300	TCCCAGCTTTAGTCTG-1	10679	10675	58329	7847
301	CTACGCACGGAGTACC-1	10831	10943	51979	7390
302	AAATTAACGGGTAGCT-1	10986	10676	68721	8279
303	CGGCCACGCACAAAGT-1	11139	10944	58634	7878
304	GAAGCGTGAGGAATTT-1	11293	10677	54851	7571
305	ATATCTTAGGGCCTTC-1	11446	10945	40037	6630
306	ACGCGGGCCAAGGACA-1	11601	10678	54841	7708
307	GCGAGTTCTGCAAAGA-1	11754	10946	48420	8162
308	TATTCGTGCCAGAATA-1	11908	10679	48215	7839
309	AGGGCTGCAGTTACAG-1	12061	10947	40401	7302
310	CTAGCATAGTATAATG-1	12216	10680	45328	7687
311	TAGGTTCGAGTTCGTC-1	12368	10948	38505	6994
312	GAATTATAGTGAAAGG-1	12523	10681	40475	7333
313	CTATCGGGTCTCAACA-1	12676	10949	36538	6721
314	GCGCTAATTGAATAGA-1	12830	10683	40321	6897
315	ATGCGACAGTCCCATT-1	12983	10951	40031	7118
316	GGTAGTGCTCGCACCA-1	13138	10684	40141	7051
317	AAGCTCGTGCCAAGTC-1	13291	10952	40864	7464
318	TATTCAATTCTAATCC-1	13445	10685	31642	6535
319	TTCAAAGTCTCTAGCC-1	13598	10953	41625	7203
320	TTGAATATGGACTTTC-1	13753	10686	29324	6156
321	AAGAGCTCTTTATCGG-1	13905	10954	46123	7252
322	TTACTCCGGCCGGGAA-1	14060	10687	35399	6780
323	AAACGAGACGGTTGAT-1	14213	10955	54796	7967
324	GCTAAGTAGTTTCTCT-1	14367	10688	41338	7499
325	ATAACGCCGGAGGGTC-1	14520	10956	62256	8262
326	GGATCCGGAATATACT-1	14675	10689	58698	8622
327	TGAAAGGACCTGACTC-1	14828	10957	52310	7673
328	TCCGCGGCAGCATCTG-1	14982	10690	57652	8395
329	TGCATATGTCTGTCAC-1	15135	10958	57853	7974
330	TGTAGGAGAAATTTCC-1	15290	10691	51465	7958
331	AGTGAGACTTCCAGTA-1	15442	10959	84275	8972
332	CCCAAACATGCTGCTC-1	15597	10692	52380	8102
333	GCTTATGAAGCAGGAA-1	15750	10960	55599	7794
334	TTCTAACCGAAGCTTA-1	15905	10693	43679	7823
335	GGATGTCCTTACCGCA-1	16057	10961	52902	7754
336	AGGGTGCTCTCGAGGG-1	16212	10694	37873	7308
337	AACTCTCAATAGAGCG-1	16365	10962	50119	7895
338	TCTGAATTCCGTACAA-1	16519	10695	33959	7053
339	GCGTGGTACTGGGTTA-1	16672	10963	45406	7729
340	CGTCGGATAGTGTTGA-1	16827	10696	32564	6980
341	ATATGTCTCCCTAGCC-1	16980	10964	44609	7683
342	TCTTTAAGACTATGAA-1	17134	10697	41748	7887
343	TCATTTAAGTCTCCGA-1	17287	10965	52740	8064
344	GATATTGAGATTGGCG-1	17442	10698	55605	8589
345	TGACATCGAGCGGACC-1	17594	10966	65323	8668
346	GCGTAAATGGCCATAA-1	17749	10699	62379	8545
347	ATTGTACAACTCGGCT-1	17902	10967	61125	8445
348	TACGCTATAGAAACCT-1	18056	10700	61630	8857
349	CACCCAAATCTTATGT-1	18209	10968	69558	8643
350	AGATGATGGAGTCTGG-1	18364	10702	59795	8503
351	CCACGGTGCCCGGTAG-1	18517	10969	60916	8360
352	TCAAGAAATACTAGCT-1	18671	10703	69542	9142
353	AGGTATAATTGATAGT-1	18824	10971	59540	8647
354	CAAGGTCCTATAGGCT-1	18979	10704	45112	7530
355	CCGGCACGACCGTTTC-1	19131	10972	56995	8418
356	ACCTCCGTTATTCACC-1	19286	10705	40315	7412
357	GCAGCCTATATCACAT-1	19439	10973	46747	7717
358	GGTATAGTGACACATA-1	19593	10706	31002	6309
359	AAATTCCAGGTCCAAA-1	19746	10974	46008	7389
360	TCTTTAGCAGGCGAAC-1	19901	10707	36569	6879
361	TATTGACATTTCTGCC-1	20054	10975	34199	6810
362	TCTGATCGGGTGCTAG-1	20208	10708	34592	6582
363	CCTGTAAGACATGATA-1	8370	11470	9489	3185
364	GTTCGCCATAAGTGCC-1	10215	11476	46110	7206
365	AGATTATAGGACGTTT-1	10369	11209	70768	8213
366	TCGAGACCAACACCGT-1	10522	11477	46628	7070
367	TATGGGACCGAGCAGG-1	10677	11210	46361	7155
368	GATGCGTCCTGCATTC-1	10830	11478	45852	7133
369	TATGGTCTGAGTAACA-1	10984	11211	56885	7900
370	GCATAGAGCACTCAGG-1	11137	11479	51015	7622
371	CTTCATTGTCAGTGGA-1	11292	11212	40556	6822
372	GCAGATTAGGGATATC-1	11444	11480	28161	5888
373	CCTGTCGCCCGTAAAT-1	11599	11213	31276	6183
374	CAATTTCGTATAAGGG-1	11752	11481	20841	5050
375	GTACACTTACCTGAAG-1	11906	11214	39800	7423
376	CCAGCCTGGACCAATA-1	12059	11482	56619	8077
377	ATGGAGCAGGCCGTGA-1	12214	11215	44572	7504
378	GTCATTAGAGCGAACG-1	12367	11483	39557	6994
379	AAGACTGCAAGCTACT-1	12521	11216	39475	6909
380	CTAGTCACGTCTTAAG-1	12674	11484	40536	7029
381	ACTCTTGTATAGTAAC-1	12829	11217	37965	6999
382	ATTAGGCGATGCTTTC-1	12981	11485	34096	6534
383	TTCGGGACTAATCGCG-1	13136	11218	36054	6748
384	TGGACTGTTCGCTCAA-1	13289	11486	43125	7291
385	AACGTGCGAAAGTCTC-1	13443	11220	54061	7833
386	CCACCCAAGGAAAGTG-1	13596	11488	55343	7958
387	CCGCACAAAGACCAAC-1	13751	11221	60445	7962
388	GCGATTGTTAACGTTA-1	13904	11489	46127	7338
389	ACTCGTCAGTAATCCC-1	14058	11222	51476	7655
390	GGTGATAAGGAGCAGT-1	14211	11490	51276	7546
391	AAGAGGCATGGATCGC-1	14366	11223	57948	7963
392	CACGTTCGTGCTCTAG-1	14518	11491	45077	7445
393	CTATTTGGTTACGGAT-1	14673	11224	37078	6913
394	GTACAGAGGCAAGGGT-1	14826	11492	68546	8181
395	GGGCCGGCCGAAGTAC-1	14980	11225	64395	8131
396	CCTGAACGATATATTC-1	15133	11493	74056	8771
397	CCGGGCTGCTCCATAC-1	15288	11226	64613	7999
398	TACTTGTTAGTAGTCC-1	15441	11494	59895	8076
399	CCTAGGCGTAGCGATC-1	15595	11227	72100	8358
400	CTGGCGCACAGGTCTG-1	15748	11495	56352	8030
401	ACTTATACTTACCCGG-1	15903	11228	61485	8095
402	GAAGTCTCCCTAGCGA-1	16055	11496	63780	8328
403	ACCGATGGTAGCATCG-1	16210	11229	50725	7916
404	CGAGTTTATCGGACTG-1	16363	11497	64857	8484
405	CATAACGGACAGTCGT-1	16517	11230	65800	8626
406	TGACGATGCACTAGAA-1	16670	11498	67680	8289
407	TAGGGAGCTTGGGATG-1	16825	11231	57165	7923
408	AGGGTCGATGCGAACT-1	16978	11499	75004	8615
409	TATATCCCTGGGAGGA-1	17132	11232	66276	8435
410	CATCTTACACCACCTC-1	17285	11500	60047	8207
411	GTGCGACAGGGAGTGT-1	17440	11233	65876	8416
412	CCGATCTCAACCTTAT-1	17592	11501	60829	8130
413	ACGATCATCTTGTAAA-1	17747	11234	57846	8227
414	GAAAGAACAGCGTTAT-1	17900	11502	62846	8264
415	CTAGGTCTGAAGGAAT-1	18055	11235	77213	9161
416	ATATCAACCTACAGAG-1	18207	11503	62733	8422
417	AAATAGCTTAGACTTT-1	18362	11236	69955	8748
418	GCGACATGTAAACATC-1	18515	11504	77456	8871
419	ATAAGTAGGGCGACTC-1	18669	11237	62814	8477
420	GCGAGCGCATGCTCCC-1	18822	11505	64221	8632
421	AGGGACCGGCTGCGTT-1	18977	11239	63320	8655
422	CCTATGAAGTGGTGCC-1	19130	11506	60551	8323
423	GCTTACGTAGTTAGTA-1	19284	11240	53050	8182
424	CATACTTAGGCAATAC-1	19437	11508	46084	7559
425	CCTGTCCCTCACGTTA-1	19592	11241	36240	6864
426	CAATGTGCCAACCCTT-1	19744	11509	41751	7308
427	GTTAAGTTAGAGTGGG-1	19899	11242	37110	6877
428	CTGGGATACGCTACCC-1	20052	11510	43745	7404
429	AACTCAAGTTAATTGC-1	8831	11739	33237	6232
430	CTTCGTAGATAGGTGA-1	8983	12007	19122	4772
431	TGCAGAGTACCGAGCA-1	9138	11740	24307	5410
432	GAAGTGATTTATCGTG-1	9291	12008	22653	5296
433	CCACACTGAGATATTA-1	9598	12009	26425	5586
434	CTGTACTTCTTAGCAT-1	9906	12010	20469	4979
435	ACTTATTAGGATCGGT-1	10060	11743	26691	5767
436	TAGTCCGCAGAGAATG-1	10213	12011	25235	5368
437	TTCACGAAAGGATCAC-1	10368	11744	45587	7252
438	TACATTTCTAACGTGC-1	10520	12012	27248	5735
439	ACCATATCCGCAATAA-1	10675	11745	37460	6569
440	CACTCAAGAGCTATGG-1	10828	12013	28663	5810
441	TGTACGAACAAATCCG-1	10982	11746	52866	7689
442	ATCATCCAATATTTGT-1	11135	12014	36606	6605
443	CGCTATTCTTAGGCTC-1	11290	11747	28151	5947
444	TGGCAGCAGTAATAGT-1	11443	12015	33222	6166
445	TCACGTGCCCGATTCA-1	11597	11748	24572	5320
446	CATACGGCGTCTGGGC-1	11750	12016	32771	6086
447	CACATGATTCAGCAAC-1	11905	11749	39428	6849
448	GCTAGTAGAGCTTGTA-1	12057	12017	52058	7681
449	TGCTGTTGAAGAACTC-1	12212	11750	53296	8015
450	CGGAGCATGGCGATCC-1	12365	12018	45866	7531
451	TAGCGTTGGGTCTTAC-1	12519	11751	33437	6444
452	GTAGCGGCTATACACT-1	12672	12019	41113	7139
453	TAACATACAATGTGGG-1	12827	11752	38461	7003
454	TCTTCGAATAGACGTT-1	12980	12020	38885	6923
455	GATCGTGACTGATATC-1	13134	11753	46795	7358
456	GATCCGGGAATTAACA-1	13287	12021	48693	7415
457	TTATATACGCTGTCAC-1	13442	11754	42618	7013
458	GTCGCGTAACCCGTTG-1	13594	12022	31475	6284
459	AGCTCTAGACGTTCCA-1	13749	11755	48388	7522
460	GTCAAGCGGACTCGGG-1	13902	12023	46296	7395
461	CGAGGGACTGCGGTCG-1	14056	11757	58223	7803
462	AATCGCCTCAGCGCCA-1	14209	12025	41293	7112
463	CTTGTTGCTGAGTCAA-1	14364	11758	47719	7382
464	GATATGAGACACTAAC-1	14517	12026	57453	8177
465	TTATGATCTTAACGAA-1	14671	11759	61999	8317
466	CGCCGCCCATGCCTGT-1	14824	12027	58304	7845
467	CTGGGATAAATAATGG-1	14979	11760	81206	8862
468	GTGCCCGTTCGGATTC-1	15131	12028	62940	8100
469	TTCAATACTCTGAATC-1	15286	11761	68043	8495
470	CGCACATGTCCACTAC-1	15439	12029	59667	8158
471	GATAACTCGCACTGTG-1	15746	12030	57646	8375
472	AGTCGACGGTCTCAAG-1	15901	11763	61500	8594
473	GTGACCGCACACTACG-1	16054	12031	63532	8434
474	GTATGTGGGTCTAGTT-1	16208	11764	63514	8177
475	CTTGAGTTAGGGTAAT-1	16361	12032	51792	8126
476	TTAGCTGATTTGCCGT-1	16516	11765	60356	8231
477	GCTGTTGCTACCGAAC-1	16668	12033	73063	8928
478	TATTACCATCCTGCTT-1	16823	11766	68785	8551
479	TTGAATTCACGTGAGG-1	16976	12034	77433	8640
480	CCATCTCACCAGTGAA-1	17130	11767	73134	8477
481	CGCACGTGCGCTATCA-1	17283	12035	70498	8663
482	ACCCGGATGACGCATC-1	17438	11768	62275	8335
483	CGCTAGAGACCGCTGC-1	17591	12036	54714	8161
484	ATAGTTCCACCCACTC-1	17745	11769	66036	8481
485	GCAGACCCAGCACGTA-1	17898	12037	54345	8516
486	TAGACTACCTAGCGTT-1	18053	11770	87913	9239
487	GGTTCTACTCGTCTGA-1	18205	12038	55617	7906
488	GACTCACCCACGTGAG-1	18360	11771	58651	8154
489	AGCTCTTCGTAACCTT-1	18513	12039	59258	8444
490	ACTATCCAGGGCATGG-1	18668	11772	66192	8460
491	AAGGATCGATCGCTTG-1	18820	12040	65334	8367
492	ATATCGGTAGGGAGAT-1	18975	11773	69129	8558
493	TTCCAGACGAGATTTA-1	19128	12041	43506	7103
494	GACCGACGTGAAAGCA-1	19282	11774	57805	8288
495	CCTGGAAACGTTCTGC-1	19435	12042	48732	7457
496	CCGGTAATGGCTAGTC-1	19590	11776	43210	7396
497	GCCGTGGAAGAAATGT-1	19743	12043	42740	7220
498	GTCTTGAGGAGCAGTG-1	19897	11777	40847	6999
499	TCCCAAAGCCCTAAAT-1	20050	12045	42619	7206
500	GTCTATCTGAGTTTCT-1	8521	12272	20688	4901
501	GATGTTCAATCCACGA-1	8674	12540	18451	4718
502	AGTTAAACACTTGCGA-1	8829	12274	19334	4896
503	AGCTCTTTACTCAGTT-1	8981	12541	10187	3497
504	ATCCAGGATTCGTGAA-1	9136	12275	11193	3574
505	AGTCAACACCACCATC-1	9289	12543	8055	2971
506	CGATACCTCGCGGACA-1	9443	12276	13863	4109
507	TACAACGCACAACTCA-1	9596	12544	15073	4402
508	AATTAAAGGTCGGCGT-1	9751	12277	19337	4790
509	TACGCAGTTCTTTCCT-1	9904	12545	15481	4572
510	GACCGTGCTGACGGTG-1	10058	12278	25644	5410
511	GGCAAATTACTTTACT-1	10211	12546	27576	5915
512	GGTACAAACATGCTAT-1	10366	12279	29028	5847
513	CGGGCCTTCTTTGTAA-1	10518	12547	35425	6436
514	CGTGAAGTTAATTCAC-1	10673	12280	22443	5146
515	ATAGTGAAGCGTTCTC-1	10826	12548	27037	5787
516	TACGCCATATTCTAAT-1	10981	12281	27243	5779
517	GCCGGGTTAGGGTCGC-1	11133	12549	34579	6221
518	TACATAGGCATACACC-1	11288	12282	31698	6149
519	GCCGATTGGCCAAGCT-1	11441	12550	42650	6899
520	CTGCCATGCATCACAT-1	11595	12283	36676	6457
521	TTATGAATGAAAGGGA-1	11748	12551	53224	7614
522	GCTGAGGCGTGAGTAT-1	11903	12284	50355	7474
523	GCGCCGTTCCACGATA-1	12056	12552	48434	7296
524	CGCATGGTGCGATGCT-1	12210	12285	50331	7653
525	AGGTTTCACACACCTT-1	12363	12553	39377	6769
526	CAAGGATCGCATGTTC-1	12518	12286	34825	6483
527	ACGTTAATGTCGAAGA-1	12670	12554	45814	7233
528	TCCAGAGCACCGGTTC-1	12825	12287	40555	7061
529	GATTCGACGGTTCACG-1	12978	12555	42726	6901
530	GTTTCTGCAGTCTCCC-1	13132	12288	34719	6378
531	GCTGCACGGTTTCTTA-1	13285	12556	35223	6527
532	CGTGCAGACTGGGACA-1	13440	12289	19958	4825
533	GTGTTACTATGCGTCC-1	13593	12557	44735	7354
534	TCCTCGGGCTGGGCTT-1	13747	12290	38197	6845
535	GTGAGGACACTTAAGG-1	13900	12558	49442	7672
536	ATACGCCGGCGAAACC-1	14055	12291	61446	8152
537	TCTGCCAGAAACTGCA-1	14207	12559	56485	8019
538	TTCTGCGGGTTAGCGG-1	14362	12292	49653	7654
539	CTCGGTACCACTGCTC-1	14515	12560	56440	8059
540	GTAAGTAACAGTCTGG-1	14669	12294	75766	8738
541	GTGCGTGTATATGAGC-1	14822	12562	53039	7886
542	ATTTGTCTTGGGAGCT-1	14977	12295	56858	8001
543	CCTCGGACCGGGATAG-1	15130	12563	53889	7934
544	TAGGTGCTCGCCTAGC-1	15284	12296	56433	7982
545	CTTTAGGAACACTGTT-1	15437	12564	46439	7442
546	TCGGGCCGTCGTGGTA-1	15592	12297	43363	6996
547	AGTGCTTGCACGAATA-1	15744	12565	40290	6948
548	TGCAGTTTCCTCCCAT-1	15899	12298	49019	7984
549	TGAGAGATTTACCACG-1	16052	12566	52477	8324
550	GAAACAGATGACCACC-1	16206	12299	58658	8367
551	AGCAACATATCTTATT-1	16359	12567	55004	8095
552	CAAGTGTGGTTGCAAA-1	16514	12300	66192	8817
553	GCCTCATCTGGAAATA-1	16667	12568	68957	8945
554	AACCCTACTGTCAATA-1	16821	12301	75907	8820
555	ACGTATTACTCCGATC-1	16974	12569	65462	8219
556	TCTGGGAACCTTTGAA-1	17129	12302	71108	8580
557	GCTCGCTCATGTCCAA-1	17281	12570	66012	8453
558	GCGCAAGAGCGCGCTG-1	17436	12303	57855	8298
559	TTGACGCTCCATGAGC-1	17589	12571	60270	8177
560	TATAGATGGTCGCAGT-1	17743	12304	57700	8626
561	TTACATGCCACAACTA-1	17896	12572	55532	7883
562	ACATGGCGCCAAAGTA-1	18051	12305	65120	8445
563	TATGGTTAGTGGGAGA-1	18204	12573	56790	8052
564	CATGACTTCGCTGAAT-1	18358	12306	63080	8390
565	ACCACCAATGTAACAA-1	18511	12574	76300	9017
566	TCTTAGAGCTCCAATT-1	18666	12307	52713	7797
567	CCACGAATTTAACCTC-1	18818	12575	58825	8219
568	TTCTTGCTAGCATCTC-1	18973	12308	45571	7179
569	ACACCTTACTACTTGC-1	19126	12576	40761	7127
570	AGTCGGTTGCGTGAGA-1	19280	12309	45501	7263
571	ACCTACAGTATGTGGT-1	19433	12577	35490	6588
572	GAGGATAAACAGTGCT-1	19588	12310	47087	7443
573	TTCCGGTATCTGTGTC-1	19741	12578	26069	5674
574	GGAGGCCGAAGTCGTC-1	19895	12311	42088	7207
575	TTCGCTAGGAAGTTGT-1	20048	12579	32702	6313
576	GGGCGGGTTCCCTACG-1	7750	13072	19203	4873
577	TGAGCCATACAGTCTC-1	7905	12805	20576	4947
578	CTCCGCCCACATGAGG-1	8057	13073	16392	4645
579	GTTGAACCGGTTCCAT-1	8212	12806	21258	5171
580	TTGACTACCATATGGT-1	8365	13074	9248	3296
581	ACCATCGTATATGGTA-1	8519	12807	17015	4695
582	TGCGTAAGAACCTGAT-1	8672	13075	19134	4980
583	AGAAGGTTGCCGAATT-1	8827	12808	11978	3800
584	AGGACGACCCATTAGA-1	8980	13076	22504	5399
585	GGTGCTGGTACACATT-1	9134	12809	15518	4384
586	GCGCTATGCCGAGGCA-1	9287	13077	19954	5110
587	ACCCGGTTACACTTCC-1	9442	12811	8719	3188
588	TAACTCATCCGCGCGG-1	9594	13078	8342	3063
589	CACAATGAGCTGCTAT-1	9749	12812	8849	3175
590	GTTACTTTGGGCCTAG-1	9902	13080	10471	3552
591	GGGCCCGTCTTAAACA-1	10056	12813	26009	5787
592	GAAATTGTCTCTATAA-1	10209	13081	32332	6335
593	GGCGCATGAATTGATG-1	10364	12814	27724	6078
594	CATATAGGTACAGTCA-1	10517	13082	29310	6104
595	TCAACGAGGAGACAAA-1	10671	12815	31813	6113
596	TTGCACAATTCAGAAA-1	10824	13083	38477	6991
597	CATCGGACGGGTTAAT-1	10979	12816	28031	5826
598	ATTAAACATGCGGACC-1	11131	13084	38091	6683
599	TATCTACCACAGCGGG-1	11286	12817	37893	6585
600	CGAGACCCTAGAGTGT-1	11439	13085	39111	6623
601	ACATCGATCGTTTACC-1	11593	12818	30992	6047
602	ATCGACCCAATACAGA-1	11746	13086	23953	5188
603	GAATCTGAACATTCTC-1	11901	12819	30527	5791
604	AGTTCCTATTTATGTT-1	12054	13087	45420	7184
605	CAGTCTGTATACTGGG-1	12208	12820	39245	6944
606	GGAGACGACACCTTTG-1	12361	13088	41961	7032
607	CCTAAATTAACGGTTC-1	12516	12821	44039	7480
608	GCTACGACTTATTGGG-1	12668	13089	39909	6825
609	CTGTGCAGGGTAGGTC-1	12823	12822	48407	7407
610	ACGCCGCTAGACGACC-1	12976	13090	39196	6731
611	ACTTGACTCCCTCTTT-1	13131	12823	30583	6188
612	CGCCTCCCTCCTCTAT-1	13283	13091	40040	6875
613	CTAGATTTACGACGGC-1	13438	12824	37155	6742
614	GATGCTGTATTTCATC-1	13591	13092	47890	7438
615	TGCGTTTGTTGACACT-1	13745	12825	47474	7473
616	CGTGCCCTCCCGAAGA-1	13898	13093	40843	7143
617	ACTCTCTGACTTAGGT-1	14053	12826	38364	6965
618	CTGGGTAGGCAGTTAA-1	14206	13094	45493	7406
619	GTTTGGCCCAAGTTAT-1	14360	12827	49239	7895
620	GAATGTGGTCCGGATT-1	14513	13095	64923	8380
621	CCCAGTTAAGGCGCCG-1	14668	12828	56845	8095
622	CGGTACTAGAATCAAA-1	14820	13096	69101	8798
623	GCTTAATGTAACTAAC-1	14975	12829	62970	8603
624	AGGACAGTCGAATCCC-1	15128	13097	57191	8151
625	GACAGCCAGACCTGAC-1	15282	12831	54575	7994
626	GGCGAAATCTAACTTG-1	15435	13099	58941	8245
627	CTGGTAACACATAGAA-1	15590	12832	54392	7989
628	TAGCCATTTCAAAGTC-1	15743	13100	63948	8380
629	GGGATTTACCGCACCT-1	15897	12833	56601	8158
630	ATGCCATTTGCGACCA-1	16050	13101	58618	8511
631	GAATAGACGCGACCCA-1	16205	12834	53104	8339
632	TGTATGGCGCAGACAG-1	16357	13102	55249	8237
633	GGATGAAGATCGCTGA-1	16512	12835	68900	8439
634	CGACAATTTGATCTAA-1	16665	13103	65312	8670
635	AAAGTTGACTCCCGTA-1	16819	12836	70539	8777
636	CGCGGCTCAACTTGAA-1	16972	13104	76581	8863
637	CACGCGGAACTGTTGC-1	17127	12837	67984	8384
638	TCTTAGAGTGAACTCT-1	17280	13105	67082	8575
639	AGTCCATTGGCTGATG-1	17434	12838	58597	8183
640	TTAAGATAGGATTGAC-1	17587	13106	48562	7730
641	ACATCCTGGTAACTGT-1	17742	12839	62522	8482
642	CACCTTGGCGCCTTTG-1	17894	13107	47473	7675
643	GCTAGACCGTCTACTG-1	18049	12840	36598	6669
644	CGGCCCAGGTATATCC-1	18202	13108	35191	6619
645	GTCCATTACTGCTACG-1	18356	12841	43408	7295
646	GGGTTTAGGATAGGAT-1	18509	13109	26996	5868
647	TAATTAGGACATCCGT-1	18664	12842	45655	7520
648	GCTCCCAGTCGGTCCA-1	18817	13110	42492	7207
649	ATTCGTGCTATCTCTT-1	18971	12843	49303	7657
650	GTTAACTATGTTGTCA-1	19124	13111	49433	7645
651	GCTCCGCTCGCTTCAG-1	19279	12844	37109	6802
652	GCAACGGCTAGTTATG-1	19431	13112	43567	7356
653	AATCGCGCAGAGGACT-1	19586	12845	31648	6193
654	AGGTTACACCATGCCG-1	19739	13113	35543	6560
655	CGAGATTTCGCTCGGG-1	19893	12846	31927	6404
656	CGATAATACTCAGGTT-1	20046	13114	45181	7526
657	AGGCCCTAGAACGCCA-1	5904	13601	10943	3376
658	CTGGGCCTGCTATATC-1	6673	13336	14748	3926
659	CATAGTCCACAAGAAC-1	6826	13604	23895	5142
660	GGTTACCACCCTCGGG-1	7133	13605	14378	3857
661	TACCGGTCGTTTCCAT-1	7288	13338	7023	2238
662	CGAGTACTAAAGAGGA-1	7441	13606	11165	3622
663	TCGCCGAAGTTGCGTC-1	7748	13607	6160	2389
664	TTGAGAGTACTGCTAA-1	7903	13340	11926	3896
665	GCCACAATTTAAGGAC-1	8056	13608	9016	3086
666	ATATTCAGTTAAACCT-1	8210	13341	18361	4851
667	TGAGTGCCTCTTAAAT-1	8363	13609	23908	5471
668	ATCAGACGGCACGCCG-1	8518	13342	14246	4141
669	GTGCGAAATCGAACAC-1	8670	13610	33337	6351
670	GTGCCGCTTCAAAGGT-1	8825	13343	22538	5511
671	GATACGATGGGAGTCA-1	8978	13611	30816	6295
672	GACACTGAGTTCAGTG-1	9132	13344	24259	5704
673	ATCCTGCGTGGAATGG-1	9285	13612	27685	5996
674	ATCCTACCTAAGCTCT-1	9440	13345	17273	4691
675	AGTGATATGAGTAGTT-1	9593	13613	25238	5793
676	ATGATGCAATGGTACA-1	9747	13346	16258	4634
677	GAAACCGAATTACCTT-1	9900	13614	30038	6102
678	AGTGACCTACTTTACG-1	10055	13347	17377	4783
679	CAAATGTCCTTCCGTG-1	10207	13615	25292	5510
680	TTACTGGGATATTTCA-1	10362	13349	29679	6094
681	CTTGCCCAGGCTCTAC-1	10515	13617	34951	6410
682	AAATCGTGTACCACAA-1	10669	13350	42701	6973
683	GTGATCATAGATCTGC-1	10822	13618	35378	6751
684	TGGCAGATTACGATCA-1	10977	13351	35919	6887
685	TCACCCTCTTAAGATT-1	11130	13619	31374	6327
686	CAGGATATATCGTTGT-1	11284	13352	40433	6968
687	CCTGACCACCGATGGT-1	11437	13620	36458	6782
688	CTAAAGGGAAATAGGA-1	11592	13353	33673	6305
689	CCGCTATCAGCACCAG-1	11744	13621	26199	5944
690	CTTTAGTGCTATTATT-1	11899	13354	41495	7053
691	CGGGAATTTATGTAAA-1	12052	13622	52399	7759
692	TACGACTGCCTCTTAG-1	12206	13355	45529	7188
693	AAACTGCTGGCTCCAA-1	12359	13623	54633	7736
694	GTACGTTTGCCCGTCA-1	12514	13356	48379	7276
695	GGCAAGGCGAAATAGC-1	12667	13624	64092	8159
696	GATCTTGGAGGGCATA-1	12821	13357	54728	7685
697	AGCGTGGTATTCTACT-1	12974	13625	50136	7394
698	CTAAGGGAATGATTGG-1	13129	13358	47231	7354
699	CATGGTAAGTAGCGTT-1	13281	13626	42596	7023
700	CGTTGAGCGACCGTCG-1	13436	13359	42184	6938
701	TGCCCGTACCGTTAAA-1	13589	13627	27284	5722
702	ACAAGGGCAGGCTCTG-1	13743	13360	59102	7977
703	GAGATCTTCCATGACA-1	13896	13628	51048	7778
704	AATGACGTAGGATGTC-1	14051	13361	53235	7977
705	GTGGTGGCCAAGTGAA-1	14204	13629	55969	8101
706	TCCCGTGTGCAATTTG-1	14358	13362	48766	7658
707	ACATCGTATGCAATGG-1	14511	13630	53360	7886
708	GCGAAACTTAACTGGA-1	14666	13363	73512	8728
709	AATTGAACGCTCTGGT-1	14819	13631	46466	7462
710	ACAAATGGTAGTGTTT-1	14973	13364	70854	8808
711	ATGGTCGCGTGGTTTC-1	15126	13632	66193	8533
712	TGTTATTGTATGTGGC-1	15281	13365	52928	8074
713	TTCCGGTTACCCACTT-1	15433	13633	55761	8091
714	GAGTGTGCGGTACCCA-1	15588	13366	76374	8726
715	CAAGATATTATAACGT-1	15741	13634	70269	8731
716	ACACACCAGGACCAGT-1	15895	13368	63284	8347
717	ATGGGCCTCGGCCTCT-1	16048	13635	62419	8256
718	AAGGTGATAAACCAGC-1	16203	13369	80789	8844
719	TCTTACTTATGCCTCT-1	16356	13637	56567	7971
720	AAAGTGTGATTTATCT-1	16510	13370	63944	8422
721	TGCTCCACAGTTCTTA-1	16663	13638	57757	8135
722	CTGGCTGATTCATCCT-1	16818	13371	61717	8671
723	TAAGGCTGAATCCCTC-1	16970	13639	63100	8503
724	TCTAGTGATATCGTGG-1	17125	13372	70012	8811
725	TCGAAGAACCGAGCAC-1	17278	13640	69915	8736
726	GACAAACATATGCAGG-1	17432	13373	70834	8656
727	AAGTCAATTGTCGTCA-1	17585	13641	75637	8748
728	AGTGAACAAACTTCTC-1	17740	13374	66139	8872
729	CATGATGGAAGTTAGC-1	17893	13642	57518	8328
730	AAGTGCCTTGACTGTA-1	18047	13375	56703	8146
731	ATCGCCAGTCAACATT-1	18200	13643	52648	8002
732	ACCGCGGTGGAAGTCG-1	18355	13376	31595	6331
733	TCTTCTATAACCCGCC-1	18507	13644	39320	7028
734	CACATTTCTTGTCAGA-1	18662	13377	22199	5337
735	TAGCGTCCCTCGATTG-1	18815	13645	25651	5746
736	GTTCGGATCGGGAACA-1	18969	13378	45462	7268
737	CAAACTCGCGACGCCG-1	19122	13646	56798	7799
738	GTCTTGTAGCTATTCA-1	19277	13379	14141	3974
739	TCTCGACGTATCGCCG-1	19430	13647	34011	6500
740	TTGCCAAGCAGAACCC-1	19584	13380	37455	6970
741	AAACCCGAACGAAATC-1	19737	13648	35439	6652
742	TTGAGCAGCCCACGGT-1	19892	13381	30634	6250
743	CGCCTTTAGCATGCTC-1	20044	13649	29035	5996
744	TCCTCCTAAGACATTC-1	5287	14133	18404	4550
745	AGTCGGCTCAACTTTA-1	5594	14135	35386	6289
746	ACGGGAGTGTCGGCCC-1	5902	14136	48591	7305
747	TTAACTTCAGGTAGGA-1	6057	13869	27131	5645
748	CCACGGAGCCATAAGA-1	6209	14137	40536	6955
749	CTTCTATGTTGAAGTA-1	6364	13870	30914	6147
750	CACCGTTGCGCGATAT-1	6517	14138	31434	6380
751	AGTTTGGCCAGACCTA-1	6824	14139	29142	6073
752	TTGTAAGGACCTAAGT-1	6979	13872	13918	3989
753	AAATTTGCGGGTGTGG-1	7132	14140	18839	4876
754	AAGTTCGGCCAACAGG-1	7286	13873	12426	3761
755	CCGCTTACCTCACTCT-1	7439	14141	15338	4421
756	ATCACGTGCTAATTAA-1	7594	13874	9936	3387
757	GGTGAAGTACAGGGAT-1	7746	14142	16016	4264
758	GCTGTATTACTGGCCC-1	7901	13875	11595	3690
759	AACGGCCATCTCCGGT-1	8054	14143	21103	5009
760	TAAGTAACATCTTGAC-1	8208	13876	18343	4830
761	TTCTTGAGCCGCGCTA-1	8361	14144	23807	5524
762	AGTGCGTAGCTCGTAA-1	8516	13877	25715	5798
763	GGGATGGTCGTAACCG-1	8669	14145	37768	6782
764	GTCTGGGCGGTCGAGA-1	8823	13878	33762	6348
765	CGGAACGTAAACATAG-1	8976	14146	39394	7098
766	TGCGACACCCTAGTGC-1	9131	13879	30419	6114
767	CAAACGAGTATCGCAG-1	9283	14147	41179	7087
768	TCAGTAGGGACTATAA-1	9438	13880	31781	6298
769	GCGGTTCCCTATCATG-1	9591	14148	31555	6208
770	GTGACTTCAGTAGTGC-1	9745	13881	33201	6495
771	CGTCACGTCCATTGGT-1	9898	14149	24538	5641
772	ATAAGTTACCGCGACG-1	10053	13882	35366	6468
773	CTGAATCCGAGACCTC-1	10206	14150	34801	6554
774	TACGACGCTTGCTGCG-1	10360	13883	36361	6551
775	GAATTCACCCGGGTGT-1	10513	14151	48436	7702
776	GGGTGACACCTTAACT-1	10668	13884	36008	6605
777	TGAGTAAATTAGCGTA-1	10820	14152	39781	7481
778	GAGTCCGCTTACCGGA-1	10975	13886	37995	7320
779	GGCGCGTTCGAGTTTA-1	11128	14154	39938	6940
780	ATTCATATACTGTCCA-1	11282	13887	32438	6605
781	ATAAACGGACCCGTAA-1	11435	14155	50028	7458
782	GTCGTACCATCTCGGG-1	11590	13888	30216	6303
783	ATAATAGCTGTTGAAT-1	11743	14156	50867	7580
784	TTCCGCGTGAGGCGAT-1	11897	13889	46738	7225
785	TACCGGCTCACTGCCC-1	12050	14157	36872	6545
786	GTATCTTTCATAACCA-1	12205	13890	41331	7019
787	GTTACCTACAACTTGC-1	12357	14158	38610	6672
788	TGACTATAATCCTTTC-1	12512	13891	40429	6943
789	AAATACCTATAAGCAT-1	12665	14159	54350	7867
790	TTATTAGAGCGTGTTC-1	12819	13892	37115	6664
791	ATGTGGACATCTTGAT-1	12972	14160	45081	7856
792	GTACGCTTCATTGCAC-1	13127	13893	38900	6903
793	CACATATTAGCAGGAT-1	13280	14161	36524	6945
794	CAAGAGGGCGGAGTAC-1	13434	13894	32311	6278
795	TCGCAAAGATGCATTT-1	13587	14162	42682	7267
796	GTCGTTATTCGCTTAT-1	13742	13895	26670	5965
797	GCGGAGAGGGAGAACG-1	14049	13896	50126	7572
798	TCACAGGGAATCGCAA-1	14202	14164	55898	7978
799	GACTGCACCAGCCCAG-1	14356	13897	54850	7913
800	TCCGCTGTCATCCCGG-1	14509	14165	61358	8506
801	AGATACTCAAGATCGA-1	14664	13898	52286	7859
802	ACTGAATGGCGAAAGT-1	14817	14166	52991	7909
803	TCCTACATCCACGGCC-1	14971	13899	47854	7588
804	TTCAGCCCTGGTCCAC-1	15124	14167	50890	7937
805	TTAGAGTTTAGAAGGA-1	15279	13900	63852	8694
806	GGTTAGCTATATGTCT-1	15431	14168	38656	7219
807	CTGGTTTCGAGCAAGA-1	15586	13901	53909	7954
808	TGGGCCCATACTAATT-1	15739	14169	57567	8497
809	ACTTATTTATGTGCCA-1	15894	13902	59785	8411
810	TTAGTTATTCGTGGCA-1	16046	14170	66193	8485
811	AACCGCTAAGGGATGC-1	16201	13903	71236	8699
812	ATACGTCCACTCCTGT-1	16354	14171	61838	8512
813	CGACACGCTCCGACAG-1	16508	13905	83126	9029
814	TCTGAACTCGTACCCG-1	16661	14172	78029	8902
815	AGGATATAGGGATTTA-1	16816	13906	62622	8411
816	GTGATCACTAACGCCT-1	16969	14174	72135	8711
817	ACCGGGCCTTTGTTGA-1	17123	13907	80450	8923
818	TTGACAGGAGCTCCCG-1	17276	14175	81407	8726
819	CTCTTCTATTGACTGG-1	17431	13908	63159	8013
820	CGTGGCCGAATATCTA-1	17583	14176	65994	8169
821	GGTTTAGCCTTTCTTG-1	17738	13909	55203	7839
822	TCAAGGTTACTACACC-1	17891	14177	46287	7511
823	TTGACTATTGTCCGGC-1	18045	13910	53421	7858
824	CGGGAATATAGTATAC-1	18198	14178	58952	8272
825	GCAACAGCAGTATGCG-1	18353	13911	36161	6991
826	ATCAAACACTGTTCCA-1	18506	14179	41910	7256
827	TGGGCAATAGTTGGGT-1	18660	13912	36355	6920
828	TGAATGTCAGCCGGCC-1	18813	14180	34015	6705
829	CGGCTCTAAAGCTGCA-1	18968	13913	42794	7425
830	GGACACAAGTTTACAC-1	19120	14181	33246	6711
831	CCGAGAAGTCGCATAA-1	19275	13914	46780	7392
832	AACTACCCGTTTGTCA-1	19428	14182	34902	6669
833	GCACAAACGAGGCGTG-1	19582	13915	46359	7233
834	CACACAGCTTGCGCTC-1	19735	14183	28932	6208
835	GTGCTTACATCAGCGC-1	19890	13916	33621	6351
836	GCAAACGTCGCCAGGT-1	20043	14184	43161	7022
837	ATCAGCTCGTCCACTA-1	4363	14665	6388	2446
838	AAATGGCCCGTGCCCT-1	4670	14666	11497	3693
839	CAGTACCAGTTTACGT-1	4825	14399	15317	4262
840	GGTCGTAAGCTCGCAC-1	4978	14667	18695	4802
841	CGTTCATGGTGCGCGT-1	5132	14400	22615	5203
842	GACTACAAAGCGGTGG-1	5285	14668	31737	6157
843	CAGCTGGCGTAACCGT-1	5440	14401	43957	6989
844	ACTCGTAACCCGTCCT-1	5593	14669	38571	6814
845	CATATGTCAGGCTACG-1	5747	14403	45877	7267
846	GCCCGACTTCTTCCCG-1	5900	14670	40912	6920
847	CTGGCATCCGAATGAG-1	6055	14404	43373	7299
848	AAGTGCGTTAGAATCT-1	6207	14672	38746	7065
849	AGAAGTGATTCGTGAT-1	6362	14405	34015	6551
850	TACCTTAAGATTTCCC-1	6515	14673	32456	6389
851	AATGACAGCAATGTCT-1	6669	14406	35112	6494
852	TCAACGCAGGAAATAA-1	6822	14674	45363	7170
853	TATTCCTCCGCCCACT-1	6977	14407	28759	5998
854	ATCAAACGAAGGTTTG-1	7130	14675	29358	6042
855	TTGATTAGCTGTTTCT-1	7284	14408	22125	5252
856	CTGCTGAGGCCACGAA-1	7437	14676	30204	6030
857	CCGTGTTAAATTCCAT-1	7592	14409	19932	5023
858	CACGTCGGCAACCTCT-1	7744	14677	26916	5892
859	GTATTCTGAGAAACGA-1	7899	14410	25699	5663
860	CGGTGCGCGTTGGTCC-1	8052	14678	26178	5763
861	GTGATTCGCCGCTCAA-1	8207	14411	25082	5607
862	GCCCGCGCGTAAACGG-1	8359	14679	36362	6771
863	AACGTACTGTGGGTAC-1	8514	14412	28047	6064
864	GAGTATGCCCGCCTTG-1	8667	14680	38715	7116
865	TGATTCTGTCGCCGGT-1	8821	14413	39531	7359
866	GGGCGGCAAATGAATT-1	8974	14681	42017	7146
867	TTCCAATCTGGCTATC-1	9129	14414	36501	7013
868	GGAACCGTGTAAATTG-1	9282	14682	48352	7512
869	TTGGTCACACTCGTAA-1	9436	14415	30394	6170
870	CGAACCCGCATGCGTC-1	9589	14683	31943	6521
871	GGGCGTCACCACGTAA-1	9744	14416	33839	6590
872	TACCAGAAGTAGGTTC-1	9896	14684	26349	5921
873	TTGGATATCGTCTACG-1	10051	14417	23732	5540
874	TAGATATGGACTGGAA-1	10204	14685	35465	6696
875	GCGACGATAGTTGTAC-1	10358	14418	22333	5368
876	CTGGATTTACACTTGA-1	10511	14686	27451	5979
877	GTTATATTATCTCCCT-1	10666	14419	30427	6330
878	TATTCCACTCAGCTCG-1	10819	14687	40218	6888
879	CTGTTACCCAATCTAG-1	10973	14420	31110	6162
880	ACGCGAAGTCAGACGA-1	11126	14688	45586	7230
881	GATAGGTAACGTTGAC-1	11281	14421	44881	7211
882	TGTTCGTATTGCGGTG-1	11433	14689	57951	7675
883	GGTCAGTGGGTCCCAC-1	11588	14423	51179	7448
884	AATTCTAGAGTTAGGC-1	11741	14691	68874	8159
885	GTTTACGTTCCATCTG-1	11895	14424	48367	7385
886	AGACCCACCGCTGATC-1	12048	14692	58870	7735
887	TCTAGCATGCCCAGAA-1	12203	14425	39124	6838
888	CCCGCAGCGCGAACTA-1	12356	14693	43728	7153
889	CTCTATTTGGCTGCAG-1	12510	14426	37097	6698
890	TTCTGCCGCGCCTAGA-1	12663	14694	38531	7025
891	ACTCCCTAGAATAGTA-1	12818	14427	46287	7388
892	CCGAACCTTCCCGGCC-1	12970	14695	37752	6844
893	TCAGACGCTATAGAAG-1	13125	14428	34337	6657
894	CAGGCGCCATGCTAGG-1	13278	14696	32955	6462
895	CACTCGAGCTGAACAA-1	13432	14429	41216	7127
896	ACAAGGAAATCCGCCC-1	13585	14697	43094	7236
897	ACCACGTGCAGCTATA-1	13740	14430	45227	7488
898	ACGGCGACGATGGGAA-1	13893	14698	49334	7735
899	TTACTAAAGGACTTTA-1	14047	14431	57858	8055
900	GGCTGAAATAGCAAAG-1	14200	14699	60257	8108
901	TTAGACGAGTCACCTC-1	14355	14432	51187	7843
902	GTAGTCGCGGGAATCA-1	14507	14700	68802	8712
903	GCAAACCCTACATTAT-1	14662	14433	57468	8182
904	GTTAAAGTAGGACTGG-1	14815	14701	31032	6237
905	ACCCTCCCTTGCTATT-1	14969	14434	48941	7604
906	CATGTCTCATTTATGG-1	15122	14702	41310	7411
907	AATAGAATCTGTTTCA-1	15277	14435	38975	7129
908	TCTCATGAGATAGGGT-1	15430	14703	51107	7973
909	ATGACTATGCGACATT-1	15584	14436	34312	6962
910	CCTAACCCAAACAAGT-1	15737	14704	49635	7944
911	AGTCAAGATGACACTT-1	15892	14437	58606	8319
912	CGGGAGCTTCAGTGTA-1	16044	14705	62389	8316
913	CCACAGTACCCATCCT-1	16199	14438	60148	8134
914	GAGCGCGCACGAGTAG-1	16352	14706	71611	8701
915	ACCAGTGCGGGAGACG-1	16506	14439	51488	8044
916	TCCTTACGACGGTCCG-1	16659	14707	66274	8433
917	TAGTCGATCACGGGTT-1	16814	14440	63409	8411
918	AGACGAAGTGCCGGTC-1	16967	14708	73791	8780
919	CGCTGGTGACTACCCT-1	17121	14442	67256	8484
920	AGGCATTGTCGTAGGG-1	17274	14709	55081	8350
921	TGGTAGAATATATGGG-1	17429	14443	77283	9053
922	TTCTTATCCGCTGGGT-1	17581	14711	56487	7895
923	AGTTTGGCACGGGTTG-1	17736	14444	59866	8044
924	GCATCGGCCGTGTAGG-1	17889	14712	6740	2368
925	ATGCGAGTCCCACCAC-1	18044	14445	55088	7960
926	TCGGCGAACCCAAACC-1	18196	14713	68051	8450
927	AGAGTAAACTTCACTA-1	18351	14446	58619	8257
928	AAGCCGAAGCGGTTTA-1	18504	14714	46303	8008
929	CCCGAGTTTCTCCGTA-1	18658	14447	37027	6943
930	AATATCGAATCAATGC-1	18811	14715	37035	7006
931	GCGCCTCCCACTCCGA-1	18966	14448	35329	6727
932	CGTTAAACTAGTTAGG-1	19119	14716	41243	7162
933	TGAGTTAAAGACATTC-1	19273	14449	29874	6382
934	AACAGGTAGTATGGAT-1	19426	14717	36812	7108
935	GAACGCGGGTCACACG-1	19581	14450	35486	6546
936	TGTTTGAGATCGTCAG-1	19733	14718	24555	5508
937	ATCTCGTGAGCGAAAC-1	19888	14451	38262	6887
938	AGCCTAATACCCACGT-1	4208	14932	5077	2098
939	AATCTGGCTTTCTAGT-1	4361	15200	7648	2744
940	CACCCTTGGTGAGACC-1	4516	14933	5418	1932
941	GGATCTTGACTCAACC-1	4669	15201	8879	3135
942	ACGAGGATACCACTCT-1	4823	14934	12699	3936
943	GAGTTGATGGCAATTT-1	4976	15202	17793	4829
944	GTGGCAAACAGCGGCA-1	5131	14935	23274	5320
945	GATGTAACGAACCACC-1	5283	15203	31220	5971
946	AGCCGTGGCTAAATGT-1	5438	14936	32522	6297
947	CTCCCTCCTTTCGATC-1	5591	15204	25033	5422
948	TTGGAAGAATACAGTC-1	5745	14937	49442	7444
949	AGTTAAGTCAACCGCT-1	5898	15205	31158	5981
950	CTCATGGTAATTTGCG-1	6053	14938	31683	6364
951	AAAGTAGCATTGCTCA-1	6206	15206	39271	6869
952	TTGTGGTAGGAGGGAT-1	6360	14940	38357	6968
953	AGTCGTGGGCATTACG-1	6513	15207	37285	6495
954	ACCTAAGTACCTTTCA-1	6668	14941	44340	7210
955	GTAGAGGGAGACAAGT-1	6820	15209	42784	7122
956	GATCCTCGACACTGGC-1	6975	14942	38499	6615
957	CCTACATTCACAGACG-1	7128	15210	34846	6675
958	TTGACCGTGTTAATGA-1	7282	14943	36087	6739
959	TCTGTTACCCAGCATA-1	7435	15211	20414	5132
960	CTAACTGGTCCGGTTC-1	7590	14944	17302	4693
961	AGCGACAGGAACGGTC-1	7743	15212	12518	3955
962	TAATAGAACAGAGTTA-1	7897	14945	16289	4531
963	ACAGGTGGAGGTGAGG-1	8050	15213	11683	3790
964	TGCGAGAATATTACCC-1	8205	14946	14857	4263
965	TTGCGTCGGCCAACCG-1	8357	15214	17627	4747
966	AGGCTTCCCGAAGAAG-1	8512	14947	33543	6394
967	GCGGACCGCGTTGTGG-1	8665	15215	30469	6078
968	GTAATCTGATTCTTCG-1	8819	14948	40060	6871
969	CCGCGGAATGCGTCAC-1	8972	15216	26276	5747
970	TTCCACACAGATTTGA-1	9127	14949	32191	6393
971	CTTCTATTAATGCTAG-1	9280	15217	26344	5915
972	CATTTGAGTGGTACGT-1	9434	14950	25815	6016
973	TCACAGCAAACTCGAA-1	9587	15218	23043	5633
974	CAGACGAACCTGATAC-1	9742	14951	23759	5844
975	TAGCTAGAAGGCATGA-1	9895	15219	23657	5665
976	ATCCAGAGCAACAACC-1	10049	14952	29898	6174
977	TCCGGTTCGTCCGGTC-1	10202	15220	24716	5725
978	CGCGCATGTTTGATTG-1	10357	14953	29501	6165
979	TGGCGATCAAGTTATG-1	10509	15221	35740	6901
980	CCCTTTGACAGGTCTT-1	10664	14954	32172	6353
981	CAGAGACGGTCACCCA-1	10817	15222	43709	7266
982	TAGCTCGCCTGATAAC-1	10971	14955	54624	7747
983	TTGTGTTTCCCGAAAG-1	11124	15223	44276	7574
984	TATACACAGACGCCTT-1	11279	14956	49248	7395
985	ACATTAGTTTATATCC-1	11432	15224	42064	7135
986	CCATCGCAGTTAAACT-1	11586	14957	61099	8050
987	AATTAGCGCTGCAGCG-1	11739	15225	68287	8137
988	TCCGCTTATCCCATTA-1	11894	14958	58194	7769
989	GTTTGGGCTTGTGAGC-1	12046	15226	53548	7528
990	CTTGTCAACATTCGAG-1	12201	14960	49321	7483
991	GGACCAACAGGATAAC-1	12354	15228	60952	8123
992	AAGCTAGATCGAGTAA-1	12508	14961	53045	7739
993	TACCGTGCCTCGGACC-1	12661	15229	46420	7284
994	GTAGCCAAACATGGGA-1	12816	14962	43443	7360
995	TGCCAGTACGTGGAGA-1	12969	15230	58649	7927
996	ATAAGGTGGAGAACAT-1	13123	14963	64261	8561
997	CTTTAATATTGGTCGA-1	13276	15231	40135	6975
998	TGGTTCAACGGGTAAT-1	13431	14964	40797	7183
999	GCTGCTACTGCGTAGC-1	13583	15232	41700	6943
1000	CTGCACAACTACATAT-1	13738	14965	48093	7580
1001	ATATTCCACATAGTGA-1	13891	15233	26431	5828
1002	TGGCAAACTAAATTAC-1	14045	14966	51413	7822
1003	ACCGCAATAACTGCCT-1	14198	15234	46513	7435
1004	TCGCACCAGGAGGCAG-1	14353	14967	53257	7914
1005	ACTTCAGGCTGATCCC-1	14506	15235	51793	7854
1006	ACAAATCGCACCGAAT-1	14660	14968	50439	7603
1007	TCTGATGTATTCTGTC-1	14813	15236	48764	7875
1008	CTTTACCGAATAGTAG-1	14968	14969	34688	6777
1009	GCAGATCCATAAGACT-1	15120	15237	55826	8313
1010	TTCCTCGGACTAACCA-1	15275	14970	47639	7696
1011	TTATCCGGGATCTATA-1	15428	15238	29809	6286
1012	CTGGAAGACACGGTGG-1	15582	14971	49777	7809
1013	GTTCGTCTAAAGAACT-1	15735	15239	40902	7270
1014	GTCTATTGGTTCCGGT-1	15890	14972	49307	7810
1015	CTAGGCGCCCTATCAG-1	16043	15240	52788	7766
1016	AACGGACGTACGTATA-1	16197	14973	71589	8740
1017	AACACACGCTCGCCGC-1	16350	15241	54819	7893
1018	GCTACTATAGTAGAGT-1	16505	14974	71645	8607
1019	AGCATATCAATATGCT-1	16657	15242	63846	8290
1020	CGAACAGTATGGGCGT-1	16812	14975	68478	8536
1021	ACAATTGTGTCTCTTT-1	16965	15243	72509	8625
1022	GATCGCTACCCGATTT-1	17119	14976	63195	8267
1023	ATTGCGATCAGTAACT-1	17272	15244	64095	8469
1024	CAGCAGTCCAGACTAT-1	17427	14977	47925	7942
1025	AGAGGCTTCGGAAACC-1	17580	15245	61421	8725
1026	AAACAAGTATCTCCCA-1	17734	14979	65274	8547
1027	GGCAGCAAACCTATGC-1	17887	15246	65228	8340
1028	ACTAGTTGCGATCGTC-1	18042	14980	60943	8111
1029	TTGGACCATCTGGCAA-1	18194	15248	63964	8406
1030	CCCTCCTCGCTCGTAT-1	18349	14981	50168	8124
1031	GAGCGCAAATACTCCG-1	18502	15249	69908	8925
1032	ATTACATGTCAGTCTT-1	18656	14982	37033	7226
1033	TTGGGACGTAAGAGTT-1	18809	15250	37355	6926
1034	CTTCGGCCAATTGTTT-1	18964	14983	34288	6628
1035	AGACCGCTCCGCGGTT-1	19117	15251	29384	6163
1036	GACCGCGTCTGACGTG-1	19271	14984	39535	6969
1037	CCAAATAACAAGATTC-1	19424	15252	47383	7401
1038	TCTTTAGAGTCTAACA-1	19579	14985	29913	6270
1039	TAGTCTTTCCGAATTG-1	19886	14986	37605	6712
1040	AGAAGGTACACTTCAC-1	4207	15467	10554	3320
1041	AATCTAGGTTTACTTG-1	4514	15468	11129	3510
1042	CCCGGTGTATCGGAAT-1	4667	15736	19020	4596
1043	AGCATCATTTCGAAAG-1	4974	15737	20143	4721
1044	CGCGAGTCTGCCGGGT-1	5129	15470	22313	4956
1045	TGCGTCATGACTGAGC-1	5282	15738	17169	4621
1046	GTATGAAATTTCACTC-1	5436	15471	29826	5869
1047	TTGGTTGCGGTGCGCG-1	5589	15739	17140	4600
1048	ACAGAACTGAGAACAA-1	5744	15472	24563	5347
1049	CTACTATCATAGGTTT-1	5896	15740	22903	5478
1050	CCTCTATCGATTAGCA-1	6051	15473	28693	5835
1051	CCGTATCTCGTCGTAG-1	6204	15741	21695	5277
1052	TCACGATGTCCGTGGA-1	6358	15474	34245	6285
1053	TCAACAAAGATAATTC-1	6511	15742	28173	6035
1054	ATGACGCGTTCTATCC-1	6666	15475	36625	6560
1055	ATTTGCGCGAGTAGCT-1	6819	15743	33743	6524
1056	TTCTTGGACGATCTGC-1	6973	15476	27708	5994
1057	AGACGACGATGCCGCT-1	7126	15744	12177	3930
1058	GGTCTCTGAATGGACT-1	7281	15478	16754	4666
1059	GCTCAATCCGTTTATT-1	7433	15746	8742	3142
1060	CCAGAAAGCAACTCAT-1	7588	15479	10895	3683
1061	CACCGTTAGGGATCAC-1	7741	15747	18022	5059
1062	AATAACACTAGAACAA-1	7895	15480	11940	3872
1063	AACTCTCAGTGTGCTC-1	8356	15749	16179	4652
1064	AAACCGTTCGTCCAGG-1	8510	15482	29264	6327
1065	CAGCGATTCCCTTCAA-1	8663	15750	27927	6343
1066	GCTAGCTTGAATAGCT-1	8818	15483	22647	5399
1067	TTGCGGCATCAGAAAG-1	8970	15751	27056	5675
1068	AATAGAACAGAGTGGC-1	9125	15484	35079	6408
1069	GCCATCGAGCTGCGTG-1	9278	15752	38744	6594
1070	ACACTGATCAAGGTGT-1	9432	15485	32602	6220
1071	ACCAACGCTTATTTAT-1	9585	15753	29394	5972
1072	GACATCGATTTATAAC-1	9740	15486	20465	5252
1073	CAGACACCGATCGCTG-1	9893	15754	29816	6636
1074	CCAAGAAAGTGGGCGA-1	10047	15487	29674	6409
1075	GGTAGACCGTTGGGCG-1	10200	15755	41285	7263
1076	TCGTTAGGAGTCCCTA-1	10355	15488	34205	6779
1077	ACGGCCAACATGGACT-1	10507	15756	38314	6879
1078	GTGAGTGGTACAACGC-1	10662	15489	28020	6097
1079	GAGACTTCGCGACCGA-1	10815	15757	34780	6678
1080	GAAGTCAGTTGCACTA-1	10970	15490	38755	6941
1081	GTTTGGTAGGGTCAAC-1	11122	15758	39530	6833
1082	ACGGCACTTGCTTGGG-1	11277	15491	35530	6630
1083	CCTCTGTACTATTCTA-1	11430	15759	37301	6885
1084	CTATTCATGTGTCCCA-1	11584	15492	34319	6587
1085	GCCCGATCTGTGGTCG-1	11737	15760	43932	7196
1086	TTAGAAGAACATGACT-1	11892	15493	50547	7624
1087	AGGATAAAGTCGGGAT-1	12045	15761	48495	7433
1088	CGGCAAACATCGTGCG-1	12199	15494	53404	7741
1089	CTAGTTACAACCCGGT-1	12352	15762	50626	7580
1090	TTCGACAGAGCCCGTG-1	12507	15495	41343	6864
1091	AAGCATACTCTCCTGA-1	12659	15763	45023	7252
1092	GACGACGATCCGCGTT-1	12814	15497	48687	7364
1093	GGTAGAAGACCGCCTG-1	12967	15765	51920	7694
1094	GAGATGGGAGTCGACA-1	13121	15498	47291	7352
1095	AACGATAATGCCGTAG-1	13274	15766	44094	7201
1096	TGGTCCCACGCTACGG-1	13429	15499	42249	6941
1097	CTGCTTGGCGATAGCT-1	13582	15767	40086	6928
1098	ATCGGAGACAGACGGC-1	13736	15500	40106	6970
1099	TAGCGTCCGGTGTGGT-1	13889	15768	39610	6779
1100	GTTGAGTCCCGCCGGT-1	14044	15501	36032	6739
1101	AAATAGGGTGCTATTG-1	14196	15769	57124	8115
1102	AAGTGTTTGGAGACGG-1	14351	15502	53179	7886
1103	AGCACTACCTCACCAG-1	14504	15770	44302	7490
1104	TGCCTTGGCCAGGCAA-1	14658	15503	55204	8051
1105	TCGTCTTAGGCGTTAA-1	14811	15771	39127	7405
1106	TTCTGACCGGGCTCAA-1	14966	15504	43360	7481
1107	CAGAACTTAGCCCTCT-1	15119	15772	33222	6615
1108	AGCTCCTTCGCACATC-1	15273	15505	35218	6828
1109	ACAGGCTTGCCCGACT-1	15426	15773	40105	7217
1110	GCTATACGTCTCGGAC-1	15581	15506	24785	5790
1111	GAGCCAGCTACCTGTG-1	15733	15774	31305	6713
1112	TGCTAAGTGTCTATTT-1	15888	15507	23771	5746
1113	GTCCTACGAATAGTCT-1	16041	15775	25854	5867
1114	CAGTGTCGGCTGGCCC-1	16195	15508	56302	8066
1115	CTATCGACGAAATACA-1	16348	15776	55811	8151
1116	CATCATTACCCTGAGG-1	16503	15509	51474	7865
1117	TAAGTTGCGACGTAGG-1	16656	15777	66831	8354
1118	AGTGCACGCTTAAGAA-1	16810	15510	79689	8797
1119	TGTGCCGGTGCCGGAA-1	16963	15778	75576	8729
1120	AGGAGGCCTTCGCGCG-1	17118	15511	78515	8861
1121	TCCGCGGCCCAATGAA-1	17270	15779	70718	8422
1122	TCCGTTAAGCTAATAT-1	17425	15512	63531	8523
1123	AAATCTAGCCCTGCTA-1	17578	15780	62349	8227
1124	CGCAGGCGATCCAAAC-1	17732	15513	64627	8659
1125	CCATATGGAAACTATA-1	17885	15781	68427	8543
1126	CACCGTATCCCATCCG-1	18040	15514	55609	8118
1127	GGTCAAGACTACTTCG-1	18193	15782	62537	8015
1128	CCCGTTTCGCAGATGT-1	18347	15516	50009	7638
1129	GTTATAATACGGTGAA-1	18500	15783	59735	8183
1130	ACTTGTGGATGGAACG-1	18655	15517	50968	7610
1131	GTTCGCTGAGACGTCT-1	18807	15785	41566	7078
1132	GACACTGGAACCCGAT-1	18962	15518	31272	6361
1133	CCCAGGTCTGAAGGCT-1	19115	15786	29662	6148
1134	TCTCGAGGAGGTTCGC-1	19269	15519	38182	6789
1135	ACTATCTGCCCGCGTA-1	19422	15787	43483	6919
1136	AGAAATTATGACTCGC-1	19730	15788	69225	8334
1137	TCCAGCGCTATAAGCG-1	19884	15521	60363	7656
1138	GTCCTACTCTACGGGC-1	2975	15998	6731	2563
1139	TAGGCGATGAGGTCTC-1	3743	16268	5742	2379
1140	GCCATTAGCCTCAAAC-1	4050	16269	13928	4134
1141	GGGTATTCTAGCAAAC-1	4358	16270	20951	5021
1142	GCCCTAGCCGTCGCGA-1	4512	16003	19924	4719
1143	CAGATCCTGGTTTGAA-1	4665	16271	22960	5140
1144	CTTCAGTGGTCGCCTA-1	4820	16004	19442	4724
1145	GGGCAACCGCACGTGC-1	4972	16272	20809	4820
1146	GACCCAATTATGATAC-1	5127	16005	17240	4480
1147	GAAGCTCGGACCCGTC-1	5280	16273	14800	4324
1148	CGTCGGGTCTAAGCGC-1	5434	16006	17657	4659
1149	GAGGCCCGACTCCGCA-1	5587	16274	17556	4525
1150	TTGCCATAGCCCGCTC-1	5742	16007	19669	4827
1151	TAACATACACGCGATC-1	5895	16275	17904	4788
1152	CCGACGGGCATGAGGT-1	6049	16008	21110	5114
1153	AATGTGCCCGAGGTGT-1	6202	16276	17423	4676
1154	AGCTGTAACCTCAATC-1	6357	16009	20405	5111
1155	CGAGTGAAGGTACCAG-1	6509	16277	14685	4241
1156	AGTCTCACAAGACTAC-1	6664	16010	18092	4811
1157	GCGGAGAAACTTCGCA-1	7124	16279	9220	3307
1158	GGCAAAGGCGCCAATA-1	7279	16012	15216	4496
1159	ATTTCCGGGTTCTGCG-1	7432	16280	7744	2954
1160	TAAACCCAGGAGGGCA-1	7586	16013	16439	4647
1161	GTGGAGTCGGCGGTTG-1	7894	16015	17681	4815
1162	CGTTTGTGTAGAGGGT-1	8354	16284	15087	4366
1163	CATAGCGTTGCCCACC-1	8508	16017	19450	5128
1164	TGATACATTTAGCCGT-1	8661	16285	27616	6143
1165	TTCCGGCCTTGAGGCT-1	8816	16018	26548	5755
1166	CCTATACCGTCCTGTC-1	8969	16286	22901	5362
1167	TCGTTGCTATCCGGTC-1	9123	16019	31993	6223
1168	TGGCGACTGCTCCAAA-1	9276	16287	32490	6325
1169	CAGAGGCGATGCATGA-1	9431	16020	39496	6710
1170	TCACAGGAGAATAAGA-1	9583	16288	38035	6852
1171	GGGTTAACATTTGAGT-1	9738	16021	21362	5224
1172	GCGGGCGAGCCTTACC-1	9891	16289	22857	5630
1173	TGCCAATGGGTACTCT-1	10045	16022	25562	6027
1174	AGGGACTCTACGCGAC-1	10198	16290	27052	6252
1175	GACGCCGTAAAGGCTA-1	10353	16023	38742	7221
1176	AAAGGCTCTCGCGCCG-1	10506	16291	29020	6259
1177	CTGGCTGGTTGTCAGT-1	10660	16024	22163	5498
1178	ACATCCCGGCCATACG-1	10813	16292	21388	5219
1179	CTCTTGTCCCGCTTGG-1	10968	16025	28395	6024
1180	TACGCCTCCATTCCGA-1	11120	16293	17637	4947
1181	CGGAGCAATTTAATCG-1	11275	16026	30289	6240
1182	AACTAGGCTTGGGTGT-1	11428	16294	27285	6178
1183	GCGTCGCCAGGGTGAT-1	11582	16027	32020	6313
1184	GTTGGTCATGCTATCC-1	11735	16295	29722	6132
1185	GCTGGCGGCGCATGCT-1	11890	16028	48156	7719
1186	TGAGCGGAAAGTGTTC-1	12043	16296	40390	7058
1187	CTTTCTGTGCGGGCTT-1	12197	16029	32188	6397
1188	ATCTAATATCCTACGG-1	12350	16297	36991	7270
1189	AACCTTTAAATACGGT-1	12505	16030	41521	7494
1190	TTCACTCGAGCACCTA-1	12657	16298	35442	7030
1191	CTGCACTCCAGTACAG-1	12812	16031	40318	7372
1192	CCATTTCTACCTATTA-1	12965	16299	37580	7249
1193	CAAGCGGCACATAATT-1	13120	16032	45849	7560
1194	GTTAACATCACTTAAA-1	13272	16300	43448	7786
1195	ATATAAATGTAGCTGC-1	13427	16034	48109	7487
1196	GCCTCTATACATAGCA-1	13580	16301	36663	6778
1197	GTGTCGTATAGCGTTC-1	13734	16035	34838	6389
1198	ATACGTACTTAGCCAC-1	13887	16303	39885	7082
1199	GCTATCATACTCATGG-1	14042	16036	40504	7040
1200	TATCCAATTGGTTATC-1	14195	16304	49931	7608
1201	TCTCCCTGGGCAGCGT-1	14349	16037	48064	7489
1202	CCTATAATGAGTGCCC-1	14502	16305	39363	7039
1203	CAATGCGAGAAGTATC-1	14657	16038	30796	6573
1204	TACCAATAAAGTACCA-1	14809	16306	32911	6762
1205	GCTAGGCACCACGGAG-1	14964	16039	39662	7325
1206	GGTGGACTGCTCTGGC-1	15117	16307	37398	6896
1207	TATTCCGAGCTGTTAT-1	15271	16040	37649	6977
1208	TTGAGAAGTTTAGCAT-1	15424	16308	37918	6903
1209	GTCCGGACCTGAAATT-1	15579	16041	35405	7062
1210	CTGTGGTCGGGAGATA-1	15732	16309	29011	6518
1211	CATGTAAGAGACATTT-1	15886	16042	20313	5381
1212	CACGTTTCGTACACAC-1	16039	16310	26841	5772
1213	CATCCTCTCAAAGATC-1	16194	16043	30107	6238
1214	GATTAACCGAAAGCCC-1	16346	16311	34441	6750
1215	AACGCTGTTGCTGAAA-1	16501	16044	48475	7730
1216	TTCAGCTGGCGTGCCC-1	16654	16312	42421	7190
1217	TAGAGGTTCTACTTGT-1	16808	16045	54752	7935
1218	GTATCAAACGTTAGCT-1	16961	16313	59389	8223
1219	AATCATGTAAAGACTC-1	17116	16046	67815	8493
1220	AGTCACTAGCTCTCGA-1	17269	16314	50220	7582
1221	GCGAAACGATCGGGAG-1	17423	16047	58508	7919
1222	CATGGATTGTCTTCCG-1	17576	16315	48711	7575
1223	ATTGGATTACAGCGTA-1	17731	16048	51963	7767
1224	CACACACGCTAACGAG-1	17883	16316	36489	6752
1225	CTATGGGAAGCGGAAT-1	18038	16049	56348	7898
1226	TGCCTAATTGAAGATT-1	18191	16317	36150	6818
1227	TGGCAATGGGACGGCG-1	18345	16050	58520	7891
1228	ACCTCCGCCCTCGCTG-1	18498	16318	30594	6103
1229	CGGCAATAAGATCGCC-1	18653	16051	63004	7976
1230	CCTTGACCACTTTATT-1	18806	16319	35826	6366
1231	TCATTTAGAAGTGTGA-1	18960	16053	40919	7097
1232	CAGAATAACACACGGA-1	19113	16320	43024	7143
1233	TCTGAGCAATTGACTG-1	19268	16054	31576	6234
1234	CAACGTGGTGGAGTCT-1	19420	16322	42806	6957
1235	CACAGTTCGCTTCCCA-1	19575	16055	41969	6922
1236	CTTTGTCGAATGCTCC-1	3126	16801	6728	2898
1237	TTCGCCGCTCGCGCTA-1	3433	16802	5195	2163
1238	GACTCCTTCCAATTGA-1	3588	16535	5222	2271
1239	ACCGAAGAGTCTGGTT-1	3741	16803	10732	3516
1240	TGGCATGAAGTTTGGG-1	3895	16536	8597	3052
1241	ACGAGGTTTACAACGT-1	4048	16804	21084	5056
1242	AACCCATCCCATGATC-1	4203	16537	17482	4618
1243	TCGACAACTGAACCCG-1	4356	16805	23442	5419
1244	TATCTTGCAATACAAC-1	4510	16538	23656	5417
1245	TATTATGTTTGCCTGC-1	4663	16806	20539	5167
1246	GTCAAAGAAGTGGTGT-1	4818	16539	20411	4859
1247	GGGACAGAGTTACTCC-1	4971	16807	14183	4200
1248	AGCAACCGAAAGTAAT-1	5125	16540	15606	4373
1249	CTCTCTAACTGCCTAG-1	5278	16808	10493	3479
1250	ATACGGAACGTCGTTT-1	5433	16541	12410	3701
1251	TCGGTCCCGACAATAG-1	5585	16809	12047	3984
1252	CGCGCAAATGTCCAGA-1	5740	16542	19069	4876
1253	TCTAATACTGCCTCAG-1	5893	16810	12013	3709
1254	CTCGGTTGTCGGCCCT-1	6047	16543	15025	4184
1255	GGTAACCGGGAGGATA-1	6200	16811	17232	4535
1256	CAGGCGCACGGTGGTC-1	6355	16544	13668	4022
1257	TCATCGATGGTCCCAA-1	6508	16812	11225	3586
1258	CAAAGATTATTGGGCC-1	6662	16545	9095	3255
1259	ACAATGAATACGGAGA-1	6815	16813	16759	4562
1260	GCTCCTGACATACTGG-1	6970	16546	9377	3388
1261	GATGACAAGTAGGGCA-1	7122	16814	13798	4220
1262	TACGCCGAGGGTACCC-1	7277	16547	14144	4262
1263	AAGCGTCCCTCATCGA-1	7430	16815	15322	4063
1264	CCCGTAGCTGGGAAGA-1	8045	16817	7260	2710
1265	ACCCTATGCCATATCG-1	8199	16550	10301	3465
1266	GTGGTATAGTCTGCCG-1	8352	16818	7403	2933
1267	CCGGTTTGTAATTGTG-1	8507	16552	13830	4181
1268	GTCGCCGTTGTGTGTT-1	8659	16820	14395	4166
1269	TACTGAACAGATTTAG-1	8814	16553	22962	5518
1270	TATTAACCTGACCGCG-1	8967	16821	16266	4722
1271	CTGTAGCCATCTCACT-1	9121	16554	20207	5088
1272	TACTATGGTTCCTCAG-1	9274	16822	22892	5623
1273	GAGTCAGACCAGAATC-1	9429	16555	38880	6686
1274	TAAGGCATAACATCAA-1	9582	16823	30854	6334
1275	CTTCCGCTCCGTGAAG-1	9736	16556	23574	5722
1276	GGGCTATGATCGATGG-1	9889	16824	28456	6224
1277	GGTCGGTCGTCCACAG-1	10044	16557	29872	6435
1278	GGGACCCGTATATCTT-1	10196	16825	19081	5235
1279	GAAAGCAGTGCACTTT-1	10351	16558	28505	6075
1280	AGCGCATAATGAATCG-1	10504	16826	17432	4848
1281	GCTGCTAAGTAGTCGA-1	10658	16559	17002	4977
1282	AATAGTCCGTCCCGAC-1	10811	16827	16774	5013
1283	AGCAGCCAGATGAATA-1	10966	16560	15165	4608
1284	CCTCGCGCTGTGCGAT-1	11119	16828	13326	4171
1285	TTGTGTATGCCACCAA-1	11273	16561	15493	4748
1286	TGCTCGGCGAAACCCA-1	11426	16829	17103	4790
1287	CGATTAAATATCTCCT-1	11581	16562	20501	5341
1288	TGCCGTGGATCGTCCT-1	11733	16830	20204	5237
1289	GTGGACGCATTTGTCC-1	11888	16563	30509	6525
1290	ACCCGGAAACTCCCAG-1	12041	16831	38794	7139
1291	CCGCATGTGGTACGAT-1	12195	16564	36987	7128
1292	GCAAACCTTGGCCATA-1	12348	16832	56115	8023
1293	ATTCACTGATGTTGGA-1	12503	16565	37668	7005
1294	ACTCCCTAATGCTAAA-1	12656	16833	50851	7789
1295	TCCTAAATTGGGAAGC-1	12810	16566	46378	7730
1296	GAACAGATTACTAAAT-1	12963	16834	52097	7877
1297	ATACAGGCCCTCCAAT-1	13118	16567	36522	6808
1298	CGATTCGCCTGGCTGC-1	13270	16835	47038	7723
1299	TCCGCCTGTCTACAAG-1	13425	16568	33789	6891
1300	CACATCTCACCGACGA-1	13578	16836	33466	6509
1301	CGTCGTCCTTCGCGAA-1	13732	16569	37001	6924
1302	CGTTGAATACCGCGCT-1	13885	16837	33907	6655
1303	ACCAATATGCAAGTTA-1	14040	16571	39617	7219
1304	ACGGATGGTGCGGATA-1	14193	16838	41318	6974
1305	CACCCTAACAAGATCT-1	14347	16572	50161	7651
1306	AAGCTCTTTCATGGTG-1	14500	16840	35800	6855
1307	CATGGGTATGCCTTAT-1	14655	16573	30852	6444
1308	GCGCGTCATTGGTACA-1	14807	16841	30318	6319
1309	TCTGAAGCACGTGGTC-1	14962	16574	32573	6724
1310	AAGTTCACTCCAAGCT-1	15115	16842	29613	6297
1311	TTGGACCTATAACAGT-1	15270	16575	43617	7392
1312	ATCAGCCTCATGCTGC-1	15422	16843	33777	6458
1313	AGTACTCTTATGCCCA-1	15577	16576	33684	6536
1314	GCGCTTAAATAATTGG-1	15730	16844	46434	7523
1315	TTGTGAACCTAATCCG-1	15884	16577	37685	7252
1316	AGTCGTCGACCACCAA-1	16037	16845	26150	6016
1317	TCCTTTAAATCCGCTT-1	16192	16578	29383	6374
1318	ACTGAAACGCCGTTAG-1	16345	16846	29823	6367
1319	GCACACACTGGTAGCC-1	16499	16579	34401	6687
1320	TAAGGGCCTGTCCGAT-1	16652	16847	41576	7229
1321	GCTAGAGTAGAGATGT-1	16807	16580	53623	7951
1322	CACAGGGCCATATAGT-1	16959	16848	47848	7563
1323	CCATGCCCTAGATTTC-1	17114	16581	39025	6891
1324	GACGAGGCTAATAAAC-1	17421	16582	59384	8228
1325	CTACACTCGCAGATGG-1	17574	16850	38464	6926
1326	ACGCATACGTTTACTA-1	17729	16583	46059	7451
1327	GGAGCAACATTTCAAG-1	17882	16851	46380	7554
1328	CGAGAGGGTAGCCGCG-1	18036	16584	48910	7659
1329	TCGTGTTCGACCACAA-1	18189	16852	12764	4106
1330	TCTACCCAATAGAGAG-1	18344	16585	30511	6144
1331	ATAAACGTTGCACCAC-1	18496	16853	36022	6773
1332	TCAACTGCAGAGTCAG-1	18651	16586	33641	6452
1333	AGCTCCATATATGTTC-1	18804	16854	35815	6754
1334	GTAACATCTAAGATAA-1	18958	16587	46501	7499
1335	ATGCTTAGGAGTTGAT-1	19266	16588	42087	7111
1336	CCTTTGAATTATGGCT-1	2971	17067	6255	2579
1337	AACGAAAGTCGTCCCA-1	3279	17069	6953	2750
1338	ACATAAGTCGTGGTGA-1	3432	17336	7799	2923
1339	GCACAACCTCGGGCGT-1	3586	17070	11582	3654
1340	ATGCACGCGCTGTTCA-1	3739	17338	21945	5356
1341	CGATGTTGTTATCTAC-1	3894	17071	24742	5636
1342	GTCTCCTGCCAGTATG-1	4046	17339	25901	5529
1343	GATGCCTTCTGCGGCA-1	4201	17072	27458	5711
1344	ACCGGTCAGGTACACC-1	4354	17340	27448	5912
1345	GTGGAGCGTTTACCGA-1	4508	17073	25895	5763
1346	AGGCGGTTTGTCCCGC-1	4661	17341	19173	4947
1347	TCCCTGGCGTATTAAC-1	4816	17074	18459	4848
1348	AAACACCAATAACTGC-1	4969	17342	23008	5593
1349	TGGACGCAATCCAGCC-1	5123	17075	13437	4047
1350	GGAACCTTGACTCTGC-1	5276	17343	12416	3877
1351	GTATCTCAGTCTTGAC-1	5431	17076	10520	3597
1352	GCTGAATCTTCCAATC-1	5583	17344	15465	4399
1353	AGATGCAAGACGTGCA-1	5738	17077	13958	4080
1354	TTAAGGCCCGTACTTT-1	5891	17345	14620	4172
1355	AGTATGCTGGAGACCA-1	6046	17078	15128	4051
1356	GCGGCAAAGTATTGCC-1	6198	17346	12677	3886
1357	GCGCAAATATATTCAA-1	6353	17079	15032	4151
1358	GAAGAAACGATATTGT-1	6506	17347	12810	3872
1359	GGACCTCTAGGCCGCC-1	6660	17080	13088	3821
1360	AACAGCTGTGTGGCAA-1	6813	17348	13716	3959
1361	TCGAATATCCCGCAGG-1	6968	17081	12555	3776
1362	GCGACCCAACCATCTG-1	7121	17349	9369	3350
1363	AGAGAAGGAGTACAAT-1	7275	17082	13958	4323
1364	GGCTCCTCCACCTGTT-1	7428	17350	8269	3101
1365	TCAGTGTATACGTCAT-1	7583	17083	12063	3722
1366	ATTATTATGTCCGTCA-1	7735	17351	7184	2772
1367	AAGATGGCACCGGACC-1	8043	17352	7368	2866
1368	CTACAAGAAATAACCC-1	8197	17085	8555	3140
1369	ACTATTTCCGGGCCCA-1	8350	17353	7424	2920
1370	TTGTTTCACATCCAGG-1	8505	17086	8913	3244
1371	CGCTGTGTGGATGTTG-1	8658	17354	12072	3915
1372	TCAACATAGCGCCCTA-1	8812	17087	15155	4510
1373	GGCCGTTTGGGTTTCA-1	8965	17355	16004	4471
1374	TACTCTTTCGTCTTCA-1	9120	17089	11558	3862
1375	TTCGCGCGCCATACGA-1	9272	17357	15488	4551
1376	CGGAAAGAATCAAACG-1	9427	17090	22602	5391
1377	AGGCAGGGAGCGTACT-1	9580	17358	19220	5070
1378	CCTTTAAGGGAGCACT-1	9734	17091	24834	5826
1379	CGCCCAGCACGCCTAG-1	9887	17359	19352	5137
1380	AGTATTTGGCACGACC-1	10042	17092	22603	5821
1381	TATCCGCACCGTCGGG-1	10195	17360	27001	6366
1382	ACCCGTGTCATCAGTA-1	10349	17093	17132	5018
1383	CAACTGCTCATCCGAT-1	10502	17361	16853	4909
1384	CCGGAGCGTACTTTCT-1	10657	17094	14322	4430
1385	TACCGTAGGTTAACTA-1	10809	17362	13429	4179
1386	TGAGGAGTGCCAGCTT-1	10964	17095	13167	4184
1387	CCAGTCTTGTCATAGA-1	11117	17363	10954	3863
1388	GGGCAGAGCAATCGTT-1	11271	17096	12641	4036
1389	TACCAAATAGCCCAGA-1	11424	17364	12721	4059
1390	TACCTACTCCCAGTAT-1	11579	17097	13646	4324
1391	TGTGAGACTAGCCCAA-1	11732	17365	19387	5359
1392	ATACCTAACCAAGAAA-1	11886	17098	39504	7110
1393	GTCGGGAAGCAGAAAC-1	12039	17366	32216	6409
1394	AATTAACGGATTTCCA-1	12194	17099	45252	7452
1395	GAACCCTCTGTGTTCT-1	12346	17367	28939	6276
1396	ATATAAAGCGCTCGTG-1	12501	17100	45006	7292
1397	CCTGGTCGAATGTGGG-1	12654	17368	35880	6935
1398	CTAGGTTCGGACGTGA-1	12808	17101	43466	7155
1399	TCGGGAGACAGCGTAC-1	12961	17369	41669	7283
1400	CATAAGAAGCTTGGCT-1	13116	17102	34175	6499
1401	AAGCACCCTGCGTATC-1	13269	17370	32985	6351
1402	AGTTTGCACCTGCCTC-1	13423	17103	34233	6745
1403	GACTGCAAATCGAGCT-1	13576	17371	35633	6717
1404	GTGTATATCAGCGGGC-1	13731	17104	34045	6756
1405	CTTCAACTCCACTTGG-1	13883	17372	33023	6627
1406	ACTTACGCATCCACGC-1	14038	17105	31427	6562
1407	CATGAGATGCACTCTC-1	14191	17373	40720	6998
1408	GAGCACCTGTGTCCAG-1	14345	17106	51307	7720
1409	CGCGACCGCGACAGAT-1	14498	17374	41794	7253
1410	GTCCCGCGACGTTATG-1	14653	17108	37425	6919
1411	GCAGTGTGGCTATAGG-1	14806	17375	38412	7099
1412	ATACTGCCTTACACCG-1	14960	17109	27687	5987
1413	TACAGAAACGGTGGGC-1	15113	17377	40540	6930
1414	GGCGCGGAGATCTTTC-1	15268	17110	38431	6915
1415	CGTTAATGTCCCGACG-1	15420	17378	31127	6457
1416	GCTAACTGAAGTCTGA-1	15575	17111	34242	6106
1417	AGTGATAACCTGCGCG-1	15728	17379	36406	6878
1418	TATGATCTTCTCTTTA-1	15883	17112	21886	5463
1419	TGTACCTACACGAGGG-1	16035	17380	36143	6989
1420	ATATCGTTCCTCGAAC-1	16190	17113	23021	5671
1421	CGGCGCCATCAATCCC-1	16343	17381	42573	7113
1422	CCTGTTTGAAGACACG-1	16497	17114	39245	7112
1423	GCCACTCAGAGCGCGA-1	16650	17382	47172	7502
1424	TCGGCTTGTATCGACG-1	16805	17115	46050	7429
1425	TAGATGGTTCCTTACT-1	16958	17383	36969	6818
1426	ATCGTTAGCTAGCGGA-1	17112	17116	47959	7429
1427	ACAGCGACATTCTCAT-1	17265	17384	39075	6879
1428	ATTCAACCATTTAAGG-1	17420	17117	43684	7296
1429	CACTCTTCTGCTAGCC-1	17572	17385	39306	6795
1430	CTAACTGATAATCGCC-1	17727	17118	39309	6919
1431	TGATGTCAATTAAGTG-1	17880	17386	37839	6799
1432	CGCCGTTCAGCATAGT-1	18034	17119	37144	6811
1433	ATACTACCCGTACCAC-1	18187	17387	30396	6206
1434	CCACTGTTTGGATTAA-1	18342	17120	32457	6505
1435	CACTACGGGAGCTGCC-1	18495	17388	39999	6882
1436	GACCAAACGTTGACTG-1	18649	17121	37732	6744
1437	AAGAGGCCCTTTGGAA-1	18802	17389	56803	7997
1438	ACACGTAGGCCACAAG-1	18957	17122	48912	7604
1439	CGGTCAGTCCATATTT-1	21416	17131	35873	6329
1440	CCATAGAGGCTGCCAG-1	2662	17601	16974	4494
1441	ACTTTGGTCGTGCTCC-1	4045	17873	40913	6706
1442	GCTGGTTTAGGCCATA-1	4199	17607	34395	6286
1443	TGTCGTTATCACATAT-1	4352	17875	33717	6547
1444	ACACATGATCAAATCT-1	4507	17608	29838	6216
1445	TATCCATCTCGGTTAG-1	4659	17876	26907	5642
1446	CTCGTCGAGGGCTCAT-1	4814	17609	19550	4841
1447	ATCAATGCCGTGGCTG-1	4967	17877	21017	5022
1448	GAAACATAGGAAACAG-1	5121	17610	18966	5166
1449	TAATAGGTCACCAGAA-1	5274	17878	16965	4714
1450	CACCAGTCAGCATGCA-1	5429	17611	17620	4810
1451	GAGCGCTGTTAGGTAA-1	5582	17879	16473	4532
1452	CCCTATGTAGAGCAGA-1	5736	17612	14102	4130
1453	GATCGCTATATCTCAG-1	5889	17880	16621	4477
1454	AAGGGACTATGCATTC-1	6044	17613	13010	3965
1455	CTCGGGTTCTCTGGCC-1	6196	17881	13131	3954
1456	TATATATCGAGAAATG-1	6351	17614	13542	4258
1457	ACCCGAGCGAAATTAC-1	6504	17882	14021	3929
1458	TTGTTTCATTAGTCTA-1	6658	17615	9385	3289
1459	ATGGGACCTGCTGAAC-1	6811	17883	8673	3002
1460	TGCGACGGCCGAACGT-1	6966	17616	7848	2872
1461	AGCTAACAAGCAATGT-1	7119	17884	6562	2610
1462	CGTGTCTCGTTACGAC-1	7273	17617	5007	2248
1463	CTAAATCCGGTGTACA-1	7426	17885	9767	3257
1464	GAATAGTGCTCGATTA-1	7581	17618	5704	2250
1465	AACAATACATTGTCGA-1	7733	17886	6896	2706
1466	CACATCGTGCACGCGC-1	7888	17619	6991	2752
1467	ACCGTGACCACGTGGG-1	8041	17887	8821	3123
1468	CCCAATGAGATTTGCA-1	8196	17620	10695	3617
1469	TCAGCAGTAGGCCCTG-1	8348	17888	12360	3989
1470	CTACTCAAGGTATAGT-1	8503	17621	13936	4341
1471	TAGTAGCTTATACCAG-1	8656	17889	15726	4652
1472	ACGTTCGTTCAGGAAA-1	8810	17622	19468	5253
1473	TTAGAATAAGGGTCGG-1	8963	17890	20172	5012
1474	TTCTAGAAAGTCTTAT-1	9118	17623	19920	5097
1475	CCTTCAGTTAAAGTGA-1	9271	17891	17481	4695
1476	TAGCTAGTGATGATGG-1	9425	17624	22957	5474
1477	AGCCCGGTAGCCTGTA-1	9578	17892	21329	5348
1478	TACCTCAGTTGTCTGT-1	9733	17626	21903	5350
1479	GACGGGTTGGCCCGTA-1	9885	17894	19195	4985
1480	GAAACCTATACAAATG-1	10040	17627	27124	6131
1481	TCCACCTCTAGCCTTT-1	10193	17895	18341	5073
1482	AAGACCCAACTGAACA-1	10347	17628	28373	6029
1483	CATACACGGTTCCCAC-1	10500	17896	18217	4940
1484	ACTACGCGTTAGAATT-1	10655	17629	19260	5081
1485	CTTGGCCAAGCTGGGA-1	10808	17897	22119	5526
1486	TTACCCTAGGGATTGG-1	10962	17630	13584	4246
1487	TTCGCACTGTACGACA-1	11115	17898	13934	4332
1488	TAGGTGTTCCACAGAT-1	11270	17631	11626	3840
1489	GAAGCCTGCACATTCC-1	11422	17899	14174	4418
1490	GGCTTTCAATAAGGGT-1	11577	17632	13090	4320
1491	TCCAGGGTATATACGA-1	11730	17900	13779	4528
1492	CTCGCCGAATGTAGGG-1	11884	17633	20207	5414
1493	AGGAAGCTGTCCGCCG-1	12037	17901	19304	5315
1494	GTCTCAAGGCCCGGCT-1	12192	17634	22380	5673
1495	ACCGACACATCTCCCA-1	12345	17902	23104	5708
1496	TATACGCGTCATCACT-1	12499	17635	25169	5852
1497	ATCTGGGCTGTTCTTG-1	12652	17903	22861	5640
1498	TCAAATTTGAGACTCA-1	12807	17636	34172	6954
1499	GTTAAGGGTGCGATGT-1	12959	17904	32042	6611
1500	AGCAAAGGCCGCTAGT-1	13114	17637	40604	7022
1501	TTATAGGTAATTGTCT-1	13267	17905	37191	6839
1502	TTGTGCAGCCACGTCA-1	13421	17638	36235	6659
1503	ACGGACTCTCAAAGCG-1	13574	17906	42285	7172
1504	ATGCTCTGGCGCGGTA-1	13729	17639	38234	6766
1505	ATAATCTTGGAGAACC-1	13882	17907	36743	6700
1506	CTCATTGCTCTAACAA-1	14036	17640	45714	7399
1507	TAGGTGACGATAACCT-1	14189	17908	43042	7253
1508	CGGATCCTCAAGGACT-1	14344	17641	42593	7220
1509	GGGCGTGGTTTCCCAG-1	14496	17909	40670	6974
1510	TGGCTATGTGACATAC-1	14651	17642	46282	7497
1511	CTTAGTGTAGTAGCAT-1	14804	17910	49999	7597
1512	GGATTGCTGTGACTCC-1	14958	17643	48438	7467
1513	ACTTCCATGCGGGACA-1	15111	17911	41156	6912
1514	ACTCAAGTGCAAGGCT-1	15266	17645	41432	7167
1515	ACAAGGATGCTTTAGG-1	15419	17912	41222	7093
1516	TTGAACGACGTGCTGA-1	15573	17646	38610	7265
1517	ATTCATCGTTGAGGCA-1	15726	17914	43085	7370
1518	TGCAACCCATCTGCGG-1	15881	17647	42375	7175
1519	AGTGCTAAACACAGCA-1	16033	17915	42908	7085
1520	AACTCCAGAGCGTGTT-1	16188	17648	31626	5990
1521	TCTCCACAAGTTGAAT-1	16341	17916	38065	6826
1522	CTTTGCATCGCTCTTG-1	16495	17649	32139	6364
1523	TCACAAACCGAGGTAC-1	16648	17917	44349	7279
1524	CCGTAGGAAATCCCTG-1	16803	17650	40648	7257
1525	AAACATTTCCCGGATT-1	16956	17918	42678	7122
1526	GCCTCCGACAATTCAC-1	17110	17651	41429	7092
1527	TCTGCATACCTTGCTT-1	17263	17919	34420	6492
1528	ACCCATTTGTCCCTCT-1	17418	17652	42096	6759
1529	CTGCAGAGAATCAGAG-1	17570	17920	53383	7548
1530	GGAAACTAAATGGGCC-1	17725	17653	64909	8340
1531	CAACCTACCGAGCAGT-1	17878	17921	33555	6428
1532	CCGTAGGGTTGTTTAC-1	18033	17654	36475	6845
1533	GGTTTGTGACCTGAGG-1	18185	17922	29145	6085
1534	TAACCTAGGGAGTCCA-1	18340	17655	46791	7202
1535	TTCCATCGACAGCGTG-1	18493	17923	46406	7390
1536	ATCTCCCACGGAATAT-1	18647	17656	45419	7453
1537	AAGACCAAATAACTCA-1	2968	18137	10656	3421
1538	TTGAAGGATGGGCGCC-1	3890	18140	21968	5100
1539	TAGTACCACAACTTTC-1	4043	18408	45757	7104
1540	ATCCCATCCACAGCGC-1	4197	18141	40268	6931
1541	CTTAGGTATAGACCAG-1	4350	18409	38302	6827
1542	TGACTCCGAATCATAC-1	4505	18142	42735	6854
1543	ACTACATCCCGACAAG-1	4658	18410	39420	6593
1544	TTGCCGCAGACCTACA-1	4812	18144	26024	5556
1545	TAAGAGGGACAGGGAC-1	4965	18412	27560	5588
1546	CGAATGAAGTCATTGC-1	5120	18145	21186	5182
1547	AAGGGAACGACTGGCT-1	5272	18413	18578	4825
1548	CGAATCTGCTCGACGC-1	5427	18146	24160	5492
1549	ATCGTGGAAAGTCTGG-1	5580	18414	25593	5580
1550	CCTATGGCTCCTAGTG-1	5734	18147	16291	4459
1551	CGTCGCTTGGTTATAC-1	5887	18415	17231	4487
1552	TGCTTAGAGAGAATGC-1	6042	18148	17895	4754
1553	CGTGCTTCTACCTAAA-1	6349	18149	9740	3260
1554	ACTCCAATATCATCAT-1	6502	18417	8678	3111
1555	GCCGACCCACGACTGC-1	6657	18150	8348	3006
1556	GAGGGTAGTAACAAAG-1	6809	18418	7476	2727
1557	GGCCGAGACTCTGGTG-1	6964	18151	6644	2589
1558	TATATAGGGCTTTACG-1	7117	18419	6163	2388
1559	TGCCGGATGTACGAGC-1	7271	18152	6421	2565
1560	AGGTAGATCGAGATAT-1	7424	18420	5846	2361
1561	GATCAACATAAAGGGA-1	7579	18153	6676	2684
1562	TAACAGCGTTTGTGCT-1	7732	18421	7738	2862
1563	CTATAGGCGTTGATGT-1	7886	18154	8353	3050
1564	GGTTTAATTACCATCG-1	8039	18422	9292	3356
1565	CTCTTCTGGAAGTTAG-1	8194	18155	10347	3606
1566	ATCTGACATGGAAGGA-1	8346	18423	12697	4060
1567	TACGTACTAGTGCTGA-1	8501	18156	11858	3842
1568	ATGACTATCAGCTGTG-1	8654	18424	10374	3660
1569	CTTTGGGATTGTTGCA-1	8808	18157	13154	4084
1570	AGACTGTTACCGGGTC-1	8961	18425	11940	3907
1571	TCCTAACCGTCGGGCA-1	9116	18158	15854	4668
1572	ACGCAAACTAATAGAT-1	9269	18426	17228	5014
1573	AAGTGAGTCGGGTTTA-1	9423	18159	23563	5700
1574	TAAAGCGGTATTTCCA-1	9576	18427	13416	4277
1575	CTCCTCCAGCTCACAC-1	9731	18160	15235	4569
1576	CGGTCCGTCGCAAGCC-1	9883	18428	11458	3795
1577	CCTATATTTGTCCTGG-1	10038	18161	16360	4796
1578	TCCAATAAAGGCTACC-1	10191	18429	20153	5296
1579	AAAGGCTACGGACCAT-1	10346	18163	22891	5527
1580	CGTGACCAGTCCTCTG-1	10498	18430	19781	5059
1581	GATCTGCTATCTAAGG-1	10653	18164	22723	5705
1582	CGAATGACGCATAATG-1	10806	18432	23657	5646
1583	GCTCAATGTAATACCG-1	10960	18165	19285	5171
1584	CTATGCCCGAATGCAA-1	11113	18433	14216	4433
1585	CACAGGGCCGTTGTCA-1	11268	18166	11042	3838
1586	TCAATACGCCGTCATG-1	11421	18434	15258	4485
1587	AGCGGACACTTCGTAG-1	11575	18167	14422	4574
1588	ATACGTTATGCACGGA-1	11728	18435	18465	5070
1589	GAGTAGATACTAGTTG-1	11883	18168	21718	5585
1590	CCAGCTCGAACGCATT-1	12035	18436	27203	6094
1591	TGCTTCCCAAGCAGTA-1	12190	18169	24338	5748
1592	GTAGACACGCCTGACT-1	12343	18437	36261	6658
1593	CTCACATTTACTAAAT-1	12497	18170	32752	6761
1594	GAATGCGAATCGGTTC-1	12650	18438	46522	7497
1595	TAAGGCCCGTCACCCT-1	12805	18171	32492	6582
1596	GAGTATGCGCGTGCAT-1	12958	18439	38101	6987
1597	ATCCACATCGACAGAA-1	13112	18172	34394	6566
1598	TAGACGAAACGCCAAT-1	13265	18440	44877	7184
1599	CAGCAGTCTGTGCTGC-1	13420	18173	31343	6263
1600	CTCACTGTGATACTTA-1	13572	18441	35204	6676
1601	TTAATTGCTTTGGGTG-1	13727	18174	35333	6657
1602	GTAGTCTACGATATTG-1	13880	18442	43728	7293
1603	TTGCCGCTTTCTAGTA-1	14034	18175	38560	6986
1604	GAACCTTTAACGATCC-1	14187	18443	42808	6964
1605	TGGACCAATCTAAGAT-1	14342	18176	31403	6145
1606	CTAGTAGAAAGGGATT-1	14495	18444	67764	8474
1607	AACCTCGCTTTAGCCC-1	14649	18177	48891	7493
1608	GAGTGTCAACCAGAAA-1	14802	18445	57221	7898
1609	GTGATCCTTGTCATGA-1	14957	18178	46674	7329
1610	CTCAACTAACCCGGAT-1	15109	18446	54164	7649
1611	AGTGGCGTCTGAAGGT-1	15264	18179	50780	7548
1612	GGGAAGGGCTTTCTCA-1	15417	18447	47488	7408
1613	AGGCCTGAGAATCTCG-1	15571	18180	44282	7292
1614	AGCCACAGGTTACCCG-1	15724	18448	42159	7196
1615	TGCAATCTAACACGGT-1	15879	18182	41374	6913
1616	GTTTGGGTTTCGCCCG-1	16032	18449	36156	6569
1617	CCTATGTCCACTCCAC-1	16186	18183	35827	6502
1618	CTGCCTTTCTAGTAAA-1	16339	18451	41307	7088
1619	TTAGTAAACCTGCTCT-1	16494	18184	35937	6460
1620	TTGTGGTGGTACTAAG-1	16646	18452	36990	6531
1621	CCTCCTGTTGTGTCGT-1	16801	18185	40289	6626
1622	ACAAAGCATGACCTAG-1	16954	18453	36745	6448
1623	ATAGCAACTAGGGAAG-1	17108	18186	40005	6936
1624	CCGCTCTTCCGAACTA-1	17261	18454	28213	5817
1625	TAGAATAGCCGATGAA-1	17416	18187	36341	6772
1626	GGTCTCCGTCCAGGTT-1	17569	18455	20894	4963
1627	TAATTACGTCAGTAGA-1	17723	18188	32228	6260
1628	TACGTAAAGCGGAGTG-1	17876	18456	29646	6004
1629	GCTACAATCGAGGATA-1	18031	18189	31410	6243
1630	ATCATAGCCCTATGTA-1	18338	18190	44620	7324
1631	TCCATCAATACTAATC-1	4196	18676	27366	5611
1632	ACAAACCATGCGTCCT-1	4503	18677	47106	7117
1633	ACACCGGTCTGACCGC-1	4656	18945	42143	6815
1634	ATGGCAGCATTACGAT-1	4810	18678	43113	6907
1635	CTGGTGAATGGGCCTA-1	4963	18946	58660	7946
1636	CACAGAGACGAGGACG-1	5118	18679	24951	5535
1637	GCACAAACCCTAGATG-1	5271	18947	43996	7214
1638	ACTATGTCCAGCTGCC-1	5425	18681	23917	5462
1639	AAGCCGCCGTGAAATC-1	5578	18949	35059	6494
1640	ATGGGTGTATACCTCC-1	5733	18682	23477	5356
1641	TAAGCGCGAATCAAAT-1	5885	18950	31500	6107
1642	AGCCCGGCATTAGAGG-1	6040	18683	17823	4684
1643	TACCTCCACACCAATG-1	6500	18952	9363	3265
1644	GAGCATCAACAACTTG-1	6655	18685	14267	4165
1645	CATACGAACTAGCTGG-1	6808	18953	6671	2661
1646	GGGAACGGTTTCAGAT-1	6962	18686	6297	2540
1647	AGGGTGCCGTTCTTTA-1	7115	18954	7194	2756
1648	ACGACTGGTCATACTC-1	7270	18687	5815	2406
1649	GGATCTTACTGCCCTT-1	7422	18955	6548	2597
1650	TACTCCTCTAGTTGAC-1	7577	18688	5366	2250
1651	GTAGCTCCGGGAGGCT-1	7730	18956	8340	3092
1652	GGACTCGTGAGTGGTC-1	7884	18689	6196	2547
1653	GGCTACTATACACTCC-1	8807	18692	15505	4599
1654	CGTTGCCCGCGTGGGA-1	8959	18960	14936	4522
1655	ATGTTGTAGTCTGTTT-1	9267	18961	15793	4657
1656	AGTATACACAGCGACA-1	9421	18694	10156	3584
1657	TGTGGTTGCTAAAGCT-1	9574	18962	9343	3465
1658	TGATTCCCGGTTACCT-1	9729	18695	8342	3174
1659	CACTGACGATTGTGGA-1	9882	18963	15530	4828
1660	AACATTGTGACTCGAG-1	10036	18696	12894	4238
1661	GTCCAATATTTAGCCT-1	10189	18964	17285	4822
1662	GCTCTTTCCGCTAGTG-1	10344	18697	19401	5263
1663	GGGTCAGGAGCTAGAT-1	10496	18965	23087	5560
1664	AGGTGGTGACCTTCGC-1	10651	18698	17543	4818
1665	CCCGGGTCGTTCAGGG-1	10804	18966	18459	5100
1666	AGCCAAGCTTTGTGTC-1	10959	18700	16135	4861
1667	TGTGGCGGGCTTCTGG-1	11111	18967	13725	4331
1668	CGAGGGTATCCAGGTG-1	11266	18701	16200	4811
1669	CGTTCAGACCCGCGAA-1	11419	18969	17365	5011
1670	TCATATGAGCTTTGTT-1	11573	18702	19185	5272
1671	AGTTGACGGTCCTTGC-1	11726	18970	17284	4958
1672	ATAATTAGCTAAGTAG-1	11881	18703	32433	6636
1673	GGTCTTGAGCGCTCTT-1	12034	18971	22690	5489
1674	CGTTGTCGGCAATTGA-1	12188	18704	32384	6300
1675	TCTTGCTCCCGATACT-1	12341	18972	18722	4907
1676	AGCAGAAGGAGAAAGA-1	12496	18705	39736	7211
1677	GAAGCCACTGATTATG-1	12648	18973	30531	6358
1678	TGCTCTTGAGAGTTTG-1	12803	18706	29865	6331
1679	GACATCCGTCGAACTG-1	12956	18974	27008	6298
1680	AGATATAATACGACTA-1	13110	18707	46915	7681
1681	TCGCTACTGGCTTTGA-1	13263	18975	27298	6145
1682	GTGACAGCTTCCCACT-1	13418	18708	34458	6560
1683	GTGACGCAGGTTTCAT-1	13571	18976	36222	6714
1684	GGGAAGACGGTCTGTC-1	13725	18709	39161	7017
1685	CGTCGCATGTGAGCCA-1	13878	18977	45825	7788
1686	AGAAGGTTGTAGGTCG-1	14033	18710	59971	8175
1687	GGCCGGCGTCTGCTAT-1	14185	18978	45153	7389
1688	TTGACCAGGAACAACT-1	14340	18711	58874	8063
1689	AGTCGTATAAAGCAGA-1	14493	18979	52841	7857
1690	GGCGTAGGGAAAGCTG-1	14647	18712	54228	7873
1691	AAACCTAAGCAGCCGG-1	14800	18980	51980	7748
1692	ATTGCCTTTATGTTTG-1	14955	18713	45036	7389
1693	CAGGCAGTCTTACCAG-1	15108	18981	41535	7261
1694	AGCTAAGTACGCAGGC-1	15262	18714	55364	7843
1695	AAATCCGATACACGCC-1	15415	18982	59952	8101
1696	CGAGAGCTTTCACTAC-1	15570	18715	42651	7064
1697	CGCCCAGCGTTTCACG-1	15722	18983	35837	6589
1698	TTAAGTATTGTTATCC-1	15877	18716	43587	7224
1699	AAACGGGCGTACGGGT-1	16030	18984	49334	7283
1700	GTATCCTTTGGTAACC-1	16184	18717	34888	6683
1701	CATAGTCAAATACATA-1	16337	18985	38161	6925
1702	TCTATGCTATAACGAC-1	16492	18719	30856	6276
1703	ACGTTCTGTACAAGTC-1	16645	18986	28785	6148
1704	CGCGAAGTGGCATACT-1	16799	18720	29999	6062
1705	ACCAACCGCACTCCAC-1	16952	18988	21763	5231
1706	GTCATGCGCGAGGGCT-1	17107	18721	30776	5884
1707	TAGGCTAAAGTGGCAC-1	17259	18989	19232	4946
1708	TGGCTACACTCTACCT-1	17414	18722	19741	4754
1709	TGTCCACGGCTCAACT-1	17567	18990	14883	4291
1710	AATTGCAGCAATCGAC-1	17721	18723	24168	5294
1711	GCAAAGGGCGTTAGCC-1	5116	19214	39069	6765
1712	CTGTTGTTCAGTCGTA-1	5269	19482	27621	5850
1713	AAAGGCCCTATAATAC-1	5423	19215	56330	7841
1714	AACATTGAAGTTGATC-1	5576	19483	40696	6973
1715	GCTAGCGATAGGTCTT-1	5731	19216	43198	7018
1716	ATTGCCTATTAGACCG-1	5884	19484	36409	6618
1717	CCTCTACAAGGATTGG-1	6191	19486	22995	5757
1718	AGTGACTGTGACACAA-1	6346	19219	16504	4657
1719	AGCCCTCCCTGGTGGC-1	6498	19487	14104	4355
1720	CGGTTGAGTATCCTTC-1	6653	19220	8820	3213
1721	CATTATCCCATTAACG-1	6806	19488	9097	3238
1722	AATGTGCTAATCTGAG-1	6960	19221	8019	3036
1723	CTTAGTTGAGGAATCG-1	7113	19489	5063	2121
1724	CTTCTGGGCGTACCTA-1	7268	19222	5926	2414
1725	AGTCAAATGATGTGAT-1	7421	19490	7488	2800
1726	TGAACAAGCAGGGACT-1	7575	19223	6811	2660
1727	GACTGCTGGTGAGAAA-1	8035	19492	15905	4508
1728	CGATCCTCGCAACATA-1	8190	19225	13113	4084
1729	CCAACCTTATGTAACT-1	8343	19493	16670	4542
1730	CGTGGTACCCAAAGGC-1	8497	19226	16084	4597
1731	AACCCGACAACCCGTG-1	8650	19494	29226	6181
1732	GCAAGTGTAAAGCATG-1	8958	19495	25843	6143
1733	GTAACTGCCCAAGGAG-1	9112	19228	20022	5436
1734	GGTGCATAAATGATTA-1	9265	19496	18519	5139
1735	TAGTCCCGGAGACCAC-1	9420	19229	16605	4763
1736	CGGCCAGAGCGACCAT-1	9572	19497	15776	4720
1737	TGAATGAGTGTTTCCC-1	9727	19230	16520	4934
1738	TTCACTTCCTAGAACG-1	9880	19498	15500	4756
1739	CGCTTAGTATTGATAC-1	10034	19231	23089	5782
1740	AACGCGACCTTGGGCG-1	10187	19499	23511	5766
1741	GTGCACCAGCTTCAAC-1	10342	19232	25307	5802
1742	TTCTATTAAACGCAGC-1	10495	19500	25289	5970
1743	TGGCAAGCACAAGTCG-1	10649	19233	17355	4844
1744	ATCTGCTGTTATCGCC-1	10802	19501	13534	4276
1745	AATTCCAAGCATGTAC-1	10957	19234	15805	4667
1746	AAACGGTTGCGAACTG-1	11109	19502	16592	4796
1747	GAAGGAGTCGAGTGCG-1	11264	19235	20468	5394
1748	GGCAAGCCCATAGTGG-1	11417	19503	11493	3890
1749	TGACCAAATCTTAAAC-1	11571	19237	15918	4675
1750	TTCGGTACTGTAGAGG-1	11724	19504	11177	3770
1751	ATGTACGATGACGTCG-1	11879	19238	18353	5158
1752	ATCTAGCTTGTGAGGG-1	12032	19506	14964	4590
1753	AGCGGGTCTGACACTC-1	12186	19239	17546	4945
1754	GAGGTACGCGTGTCCC-1	12339	19507	15154	4590
1755	GCACTGCCTACCTTTA-1	12494	19240	17270	4915
1756	GGAGCGAGGCCTACTT-1	12646	19508	23354	5768
1757	AAACTCGGTTCGCAAT-1	12801	19241	28471	6221
1758	GGCGCTTCATTCCCTG-1	12954	19509	21956	5500
1759	TGCTCGGTGGGTCACC-1	13109	19242	28981	6423
1760	AAGCGCAGGGCTTTGA-1	13261	19510	22353	5506
1761	GACCTTCCACGTCTAC-1	13416	19243	24652	5781
1762	GTTAGCCCATGACATC-1	13569	19511	26222	6129
1763	AATTCGATTCGAGGAT-1	13723	19244	32882	6709
1764	AGTCTTTAAAGTGTCC-1	13876	19512	23188	5740
1765	GACTAGGCCGTTAGGT-1	14031	19245	34159	6768
1766	TCCAAGCCTAGACACA-1	14184	19513	26028	5981
1767	GATTGGGAAAGGTTGT-1	14338	19246	44201	7446
1768	GATGAGGAACCTTCGG-1	14491	19514	29735	6301
1769	TGAATACCGACGCGTA-1	14646	19247	41898	7122
1770	AATCGTGAGCCGAGCA-1	14798	19515	31674	6305
1771	GCGAAGAATCTGACGG-1	14953	19248	44068	7173
1772	GAACAACTGGGATGAA-1	15106	19516	38199	6925
1773	TCGCCGACATATTCGC-1	15260	19249	39519	6958
1774	CGTAGAGAGTAATTAT-1	15413	19517	37015	6859
1775	CGATAGTCGTACTGCA-1	15568	19250	42765	7073
1776	CGCATGCCGAATGCGT-1	15721	19518	34211	6265
1777	CTCTAGCCCTCGGAAA-1	15875	19251	35906	6447
1778	TCCAACTCAGCTATCT-1	16028	19519	23707	5349
1779	GTCTAGTGAGCCGCTT-1	16183	19252	28224	5620
1780	TACCGAATAATTGTAA-1	16335	19520	28568	5958
1781	ATATAACACGGGCGCA-1	16490	19253	28147	5884
1782	GCATGCTAATAACGAT-1	16643	19521	24334	5417
1783	TCCGGGCTTGACGGGA-1	16797	19254	19649	4892
1784	ATTATTCAGAGTCACT-1	16950	19522	21964	5315
1785	TAGCAGTATGACTAAA-1	17105	19255	19252	5068
1786	AGCACACGTTTAGACT-1	6036	19752	29345	6005
1787	CCATGTTCATCTATAT-1	6344	19753	19187	4932
1788	CCCTCGATAATACACA-1	6497	20021	15350	4166
1789	ACTGCCCGCCATTCTC-1	6651	19755	11511	3676
1790	CTATATCCAGCCTGGC-1	6804	20023	13623	4006
1791	CGCACGTCTGTTTATG-1	6959	19756	8288	2980
1792	AATCAGGTTTCATTTA-1	7111	20024	14148	4160
1793	AGAGAAACACCAGAAA-1	7266	19757	10641	3520
1794	ACCCGATTGGTTCCGA-1	7419	20025	13632	4126
1795	TACCAGGAATCCCGTC-1	7573	19758	12971	3926
1796	AAGTGCTTCTCTATTG-1	7726	20026	16144	4677
1797	TGCATGTGACCCATAG-1	7881	19759	12210	3881
1798	TAGATTCAAAGTGCGG-1	8034	20027	25027	5745
1799	AGGGTCAGAGCACTCG-1	8188	19760	16858	4568
1800	GTGAGATAACCTTATA-1	8341	20028	28298	6067
1801	GTGTCAGTGTACGTGG-1	8496	19761	24068	5639
1802	CTGTAGTGAGGATCGA-1	8648	20029	23563	5574
1803	GATAGTGCGAGTAAGT-1	8803	19762	31615	6634
1804	AGGGTTCAGACGGTCC-1	8956	20030	21046	5582
1805	GGACTCGACAGCGCAT-1	9110	19763	18927	5304
1806	CACTCTCAAGCATCGA-1	9263	20031	23616	5950
1807	GAGCGGAATGCGGTGT-1	9418	19764	17389	5017
1808	CAGTTCGAGGACCCGA-1	9571	20032	17396	5014
1809	CGTAACTTCGACACTT-1	9725	19765	10735	3768
1810	TGATCACCACACTGAC-1	9878	20033	15254	4723
1811	CATACTTCTTTCTCCG-1	10033	19766	10680	3781
1812	CAAGTAAGTGATAGAC-1	10185	20034	12697	4233
1813	AGCCCGCAACAAGCAG-1	10340	19767	20617	5543
1814	GCTCCATGCAAAGCAA-1	10493	20035	13931	4369
1815	TCGTACCGACGTCAAG-1	10647	19768	15571	4678
1816	ATTATCGGAATGTACG-1	10800	20036	17802	5061
1817	ACCTACTATAAATCTA-1	10955	19769	15536	4775
1818	TATCCTATCAACTGGT-1	11108	20037	20212	5419
1819	GCGCGGTCTAGTAACT-1	11262	19770	17903	5117
1820	CCTTCGTATAGAATCC-1	11415	20038	23742	5966
1821	TGGGCGATACAATAAG-1	11570	19771	20175	5305
1822	TGACATGTAACGTGAC-1	11722	20039	19197	5153
1823	TTGGGAAGACGAGCCG-1	11877	19772	14401	4401
1824	GGTGTAAATCGATTGT-1	12030	20040	15901	4626
1825	GAACTGTGGAGAGACA-1	12184	19774	25869	5964
1826	TCCACATCGTATATTG-1	12337	20041	13701	4257
1827	CCTATGGTCAAAGCTG-1	12492	19775	21974	5503
1828	TCCTTGTCCTTTAATT-1	12645	20043	13169	4292
1829	AAGTTTATGGGCCCAA-1	12799	19776	28905	6353
1830	GTCCGGGTTCACATTA-1	12952	20044	15885	4695
1831	ATGTAGCGCGCGTAGG-1	13107	19777	13216	4109
1832	TACGGAAGCCAAACCA-1	13259	20045	17783	4933
1833	GCCCTGAGGATGGGCT-1	13414	19778	19143	5226
1834	CGGGCGATGGATCACG-1	13567	20046	18134	4985
1835	TGCGGACTTGACTCCG-1	13721	19779	17065	4915
1836	TAATACTAGAACAGAC-1	13874	20047	19504	5235
1837	TCAAATTGTTGTGCCG-1	14029	19780	17015	4905
1838	GGGCAGTCAACGCCAA-1	14182	20048	24527	6005
1839	TCGCTGCCAATGCTGT-1	14336	19781	24850	5959
1840	TACGTGGGCCCAGGGC-1	14489	20049	25087	5844
1841	GCCTACGTTCTGTGCA-1	14644	19782	27841	6115
1842	TTGCGTGTGTAGGCAT-1	14796	20050	17001	4727
1843	TCCTAAAGATTCAGAC-1	14951	19783	25349	5857
1844	TGGGTGCACAAGCCAT-1	15104	20051	33608	6707
1845	GGGAGCGACCGTAGTG-1	15259	19784	33684	6502
1846	CATAGAGGAGATACTA-1	15411	20052	30167	6225
1847	CTTCGATTGCGCAAGC-1	15566	19785	28921	6001
1848	GTGCCTGAGACCAAAC-1	15719	20053	35242	6721
1849	TCATCCTCAGCTGCTT-1	15873	19786	26411	5754
1850	TGCAACTACTGGTTGA-1	16026	20054	32544	6358
1851	ATGTTGATTAGAGACT-1	16181	19787	25024	5715
1852	GTTTCTAGAGGCGCGG-1	16334	20055	27763	5820
1853	TACAAGGGCTTCTTTA-1	16488	19788	20161	5016
1854	TTGATGCCGCTCGTCG-1	7264	20292	20538	5117
1855	TCCGACCGCTAATCAA-1	7572	20293	19874	4999
1856	TATATCAAAGTGATCT-1	7724	20561	28878	6060
1857	CCTCGGTTTCCTTGCC-1	7879	20294	20570	5147
1858	TAAATTTAGTAACACC-1	8032	20562	35063	6793
1859	CTCGTTACGGCTACCA-1	8186	20295	23871	5548
1860	GCCGTCGGTTTCGGGC-1	8339	20563	38311	6939
1861	GTTCCGTCCGCCTGCA-1	8494	20296	29252	6188
1862	CTAGGGATAGGGACAA-1	8647	20564	31938	6492
1863	GTCCAGGCACGTGTGC-1	8801	20297	19680	5190
1864	GAGGAATATCTCTTTG-1	8954	20565	33148	6820
1865	CGTTCAAGGAAACGGA-1	9109	20298	30872	6755
1866	GTGGGAACAAACCGGG-1	9261	20566	35294	6911
1867	GGGCACGTAGTACTGT-1	9416	20299	27708	6369
1868	ACTACAAAGAGAGGTG-1	9569	20567	23524	6056
1869	GGTGTAGGTAAGTAAA-1	9723	20300	31472	6810
1870	CCTGTTCAACCTCGGG-1	9876	20568	13153	4243
1871	TGAGGTGTGTGGCGGA-1	10031	20301	23482	5889
1872	ATTGTCTGTTTCATGT-1	10184	20569	16571	4961
1873	GCCGGTCGTATCTCTC-1	10338	20302	15878	4798
1874	ATATGGGATAGCAACT-1	10491	20570	16311	4858
1875	GATAGAACCCGCTAGG-1	10646	20303	13913	4447
1876	ATCCCATTTCCGTGGG-1	10798	20571	12889	4123
1877	GATGCTACCTTCGATG-1	10953	20304	18390	5062
1878	TGCAAAGTTCGTCTGT-1	11106	20572	18831	5095
1879	GTTCAGTCGCCAAATG-1	11260	20305	29081	6546
1880	GTCTCCGCCTCAATAC-1	11413	20573	21405	5483
1881	AGTAGAAGGCGCCTCA-1	11568	20306	34345	7087
1882	GTTGTAGATTTATGAG-1	11721	20574	24585	6036
1883	CTATTTGCTTGGAGGA-1	11875	20307	16022	4687
1884	AGCCATATAGTATGTG-1	12028	20575	19901	5270
1885	TGTTCCGGCCTGAGCT-1	12183	20308	18263	4664
1886	TGCCGTGGGACCCAAT-1	12335	20576	14189	4250
1887	TTGCAAGAAGACTCCT-1	12490	20309	24226	5584
1888	CCGCTCCAGGGCGATC-1	12643	20577	19507	5026
1889	CAAACCCTCCGGCGGG-1	12797	20311	26011	6137
1890	CGGACCTTTACGTCCC-1	12950	20578	19833	5260
1891	ACGTAGGAGAGTCGCT-1	13105	20312	20309	4901
1892	CTGCGACCTCGCCGAA-1	13258	20580	19642	5245
1893	GGCCCAGCTGGTTTGC-1	13412	20313	27310	5952
1894	GGATTAATCATGGACC-1	13565	20581	16412	4791
1895	GAGATGGCTTTAATCA-1	13720	20314	17945	4861
1896	AGTACAGAAGCTTATA-1	13872	20582	20441	5235
1897	GCGGCTTTAGCAAGTT-1	14027	20315	16070	4693
1898	ACCGAGTCTCCTTATT-1	14180	20583	27120	5905
1899	GACCACACTTCCCTTT-1	14334	20316	16250	4623
1900	TGTAGCCAATTCCGTT-1	14487	20584	30129	6110
1901	CTCGTCTGTGCCTTCG-1	14642	20317	22119	5344
1902	TCATCGACGACCGTCG-1	14949	20318	19132	5036
1903	CCCTACTTGAACAATG-1	15257	20319	34656	6558
1904	GCACAGCACGGGCCGA-1	8492	20831	41895	7119
1905	TGGAGAATAATCGTCC-1	8799	20832	59838	8254
1906	CATGCGTTGAGAGGAG-1	9107	20833	42836	7228
1907	TACGCTCCTAGAACTG-1	9260	21101	26921	5817
1908	CCTTGTGAACGTGGTT-1	9414	20834	16994	4789
1909	TTAAAGGCGATGCTCG-1	9567	21102	34593	6577
1910	TAAAGTGCACGTCTCG-1	9722	20835	20339	5470
1911	TGTCCGCAAACAATTC-1	9874	21103	25327	5880
1912	AGGCCTATCATACCAA-1	10029	20836	16429	4776
1913	ACTGGGATGCCAGTGC-1	10182	21104	28738	6223
1914	CGATCCACCATTGTTG-1	10336	20837	18587	5028
1915	GGGCATGCATGTCGAG-1	10489	21105	27791	6050
1916	TCCAGGCAGGACGATC-1	10644	20838	16932	4679
1917	CAATGACCCTTAATTT-1	10797	21106	18145	4849
1918	ATCAAGATCCCAGGAC-1	10951	20839	17802	4955
1919	CTCAGAGCTAATGTCG-1	11104	21107	17959	4909
1920	CTGCGATTTCGAGATT-1	11259	20840	18552	4947
1921	ATGGTATTGGGAACCG-1	11411	21108	29367	5999
1922	TAGGTTCTGCTGAGAA-1	11566	20841	34965	6357
1923	GCCTGTCCCGGTGCAT-1	11719	21109	22353	5331
1924	GGCCTGCTCTGATGTT-1	11873	20842	25877	5823
1925	TAGAGGGAGTTTATCT-1	12026	21110	35809	6585
1926	CTCTACATCCTGCGTG-1	12181	20843	26163	5847
1927	ACACATTTCCGTAGAC-1	12334	21111	26591	5916
1928	TGGGTGTTAAGTAGAA-1	12488	20844	21682	5376
1929	GAGCTCAACATGAGCG-1	12641	21112	29854	6484
1930	GCACACAGCTATTACC-1	12796	20845	24313	5929
1931	GCGACGGTAGTCTCCT-1	12948	21113	36884	7148
1932	GTATCAAGGTACTTCC-1	13103	20846	26649	6367
1933	GGAAAGGGAATTGAGC-1	13256	21114	36814	7100
1934	TACACAGCCGTGGTGC-1	13410	20848	26032	6287
1935	CGGTTGGGCAGGGTCC-1	13563	21115	29388	6259
1936	GCACGCCGATTCCCGC-1	13718	20849	22925	5643
1937	TGCCCGATAGTTAGAA-1	14025	20850	22184	5377
1938	AACGTCATCCGGCTTG-1	10793	22176	30074	6120
